frame.number,ip.src,ip.dst,tcp.srcport,tcp.dstport,frame.len,ip.proto,tcp.flags.syn,tcp.flags.ack,tcp.flags.fin,ip.len,tcp.window_size_value,tcp.analysis.ack_rtt,tcp.analysis.initial_rtt,tcp.analysis.bytes_in_flight,tcp.analysis.push_bytes_sent,frame.time_epoch
1,10.0.0.134,10.0.0.134,0,0,60,6,False,False,False,40,512,,,,,1722051802.794449103
2,10.0.0.134,10.0.0.134,1,0,60,6,False,False,False,40,512,,,,,1722051803.795656749
3,10.0.0.134,10.0.0.134,2,0,60,6,False,False,False,40,512,,,,,1722051804.795978367
4,10.0.0.134,10.0.0.134,3,0,60,6,False,False,False,40,512,,,,,1722051805.796789650
5,10.0.0.134,10.0.0.134,4,0,60,6,False,False,False,40,512,,,,,1722051806.797496584
6,10.0.0.134,10.0.0.134,5,0,60,6,False,False,False,40,512,,,,,1722051807.798172135
7,10.0.0.134,10.0.0.134,6,0,60,6,False,False,False,40,512,,,,,1722051808.799378498
8,10.0.0.134,10.0.0.134,7,0,60,6,False,False,False,40,512,,,,,1722051809.800230111
9,10.0.0.134,10.0.0.134,8,0,60,6,False,False,False,40,512,,,,,1722051810.800899883
10,10.0.0.134,10.0.0.134,9,0,60,6,False,False,False,40,512,,,,,1722051811.801221429
11,10.0.0.134,10.0.0.134,10,0,60,6,False,False,False,40,512,,,,,1722051812.802034298
12,10.0.0.134,10.0.0.134,11,0,60,6,False,False,False,40,512,,,,,1722051813.802961793
13,10.0.0.134,10.0.0.134,12,0,60,6,False,False,False,40,512,,,,,1722051814.803560224
14,10.0.0.134,10.0.0.134,13,0,60,6,False,False,False,40,512,,,,,1722051815.804433437
15,10.0.0.134,10.0.0.134,14,0,60,6,False,False,False,40,512,,,,,1722051816.804805019
16,10.0.0.134,10.0.0.134,15,0,60,6,False,False,False,40,512,,,,,1722051817.805636279
17,10.0.0.134,10.0.0.134,16,0,60,6,False,False,False,40,512,,,,,1722051818.806672935
18,10.0.0.134,10.0.0.134,17,0,60,6,False,False,False,40,512,,,,,1722051819.807143374
19,10.0.0.134,10.0.0.134,18,0,60,6,False,False,False,40,512,,,,,1722051820.808058875
20,10.0.0.134,10.0.0.134,19,0,60,6,False,False,False,40,512,,,,,1722051821.808707983
21,10.0.0.134,10.0.0.134,20,0,60,6,False,False,False,40,512,,,,,1722051822.809155900
22,10.0.0.134,10.0.0.134,21,0,60,6,False,False,False,40,512,,,,,1722051823.809646946
23,10.0.0.134,10.0.0.134,22,0,60,6,False,False,False,40,512,,,,,1722051824.811804307
24,10.0.0.134,10.0.0.134,23,0,60,6,False,False,False,40,512,,,,,1722051825.811135507
25,10.0.0.134,10.0.0.134,24,0,60,6,False,False,False,40,512,,,,,1722051826.812078991
26,10.0.0.134,10.0.0.134,25,0,60,6,False,False,False,40,512,,,,,1722051827.813386763
27,10.0.0.134,10.0.0.134,26,0,60,6,False,False,False,40,512,,,,,1722051828.814039488
28,10.0.0.134,10.0.0.134,27,0,60,6,False,False,False,40,512,,,,,1722051829.814998872
29,10.0.0.134,10.0.0.134,28,0,60,6,False,False,False,40,512,,,,,1722051830.816378998
30,10.0.0.134,10.0.0.134,29,0,60,6,False,False,False,40,512,,,,,1722051831.816448173
31,10.0.0.134,10.0.0.134,30,0,60,6,False,False,False,40,512,,,,,1722051832.817722312
32,10.0.0.134,10.0.0.134,31,0,60,6,False,False,False,40,512,,,,,1722051833.818930976
33,10.0.0.134,10.0.0.134,32,0,60,6,False,False,False,40,512,,,,,1722051834.819819493
34,10.0.0.134,10.0.0.134,33,0,60,6,False,False,False,40,512,,,,,1722051835.820556437
35,10.0.0.134,10.0.0.134,34,0,60,6,False,False,False,40,512,,,,,1722051836.821937014
36,10.0.0.134,10.0.0.134,35,0,60,6,False,False,False,40,512,,,,,1722051837.822802797
37,10.0.0.134,10.0.0.134,36,0,60,6,False,False,False,40,512,,,,,1722051838.823990524
38,10.0.0.134,10.0.0.134,37,0,60,6,False,False,False,40,512,,,,,1722051839.824812315
39,10.0.0.134,10.0.0.134,38,0,60,6,False,False,False,40,512,,,,,1722051840.826254232
40,10.0.0.134,10.0.0.134,39,0,60,6,False,False,False,40,512,,,,,1722051841.827778451
41,10.0.0.134,10.0.0.134,40,0,60,6,False,False,False,40,512,,,,,1722051842.828765617
42,10.0.0.134,10.0.0.134,41,0,60,6,False,False,False,40,512,,,,,1722051843.832195920
43,10.0.0.134,10.0.0.134,42,0,60,6,False,False,False,40,512,,,,,1722051844.833602053
44,10.0.0.134,10.0.0.134,43,0,60,6,False,False,False,40,512,,,,,1722051845.834635952
45,10.0.0.134,10.0.0.134,44,0,60,6,False,False,False,40,512,,,,,1722051846.838770120
46,10.0.0.134,10.0.0.134,45,0,60,6,False,False,False,40,512,,,,,1722051847.839769760
47,10.0.0.134,10.0.0.134,46,0,60,6,False,False,False,40,512,,,,,1722051848.840724714
48,10.0.0.134,10.0.0.134,47,0,60,6,False,False,False,40,512,,,,,1722051849.841679158
49,10.0.0.134,10.0.0.134,48,0,60,6,False,False,False,40,512,,,,,1722051850.842591104
50,10.0.0.134,10.0.0.134,49,0,60,6,False,False,False,40,512,,,,,1722051851.843775157
51,10.0.0.134,10.0.0.134,50,0,60,6,False,False,False,40,512,,,,,1722051852.844476842
52,10.0.0.134,10.0.0.134,51,0,60,6,False,False,False,40,512,,,,,1722051853.845125227
53,10.0.0.134,10.0.0.134,52,0,60,6,False,False,False,40,512,,,,,1722051854.845765555
54,10.0.0.134,10.0.0.134,53,0,60,6,False,False,False,40,512,,,,,1722051855.846984242
55,10.0.0.134,10.0.0.134,54,0,60,6,False,False,False,40,512,,,,,1722051856.847561431
56,10.0.0.134,10.0.0.134,55,0,60,6,False,False,False,40,512,,,,,1722051857.848245889
57,10.0.0.134,10.0.0.134,56,0,60,6,False,False,False,40,512,,,,,1722051858.849627590
58,10.0.0.134,10.0.0.134,57,0,60,6,False,False,False,40,512,,,,,1722051859.851184744
59,10.0.0.134,10.0.0.134,58,0,60,6,False,False,False,40,512,,,,,1722051860.851787372
60,10.0.0.134,10.0.0.134,59,0,60,6,False,False,False,40,512,,,,,1722051861.853766267
61,10.0.0.134,10.0.0.134,60,0,60,6,False,False,False,40,512,,,,,1722051862.854929956
62,10.0.0.134,10.0.0.134,61,0,60,6,False,False,False,40,512,,,,,1722051863.855715218
63,10.0.0.134,10.0.0.134,62,0,60,6,False,False,False,40,512,,,,,1722051864.856694517
64,10.0.0.134,10.0.0.134,63,0,60,6,False,False,False,40,512,,,,,1722051865.857590553
65,10.0.0.134,10.0.0.134,64,0,60,6,False,False,False,40,512,,,,,1722051866.858632776
66,10.0.0.134,10.0.0.134,65,0,60,6,False,False,False,40,512,,,,,1722051867.860107577
67,10.0.0.134,10.0.0.134,66,0,60,6,False,False,False,40,512,,,,,1722051868.860961096
68,10.0.0.134,10.0.0.134,67,0,60,6,False,False,False,40,512,,,,,1722051869.862269823
69,10.0.0.134,10.0.0.134,68,0,60,6,False,False,False,40,512,,,,,1722051870.863086811
70,10.0.0.134,10.0.0.134,69,0,60,6,False,False,False,40,512,,,,,1722051871.864038244
71,10.0.0.134,10.0.0.134,70,0,60,6,False,False,False,40,512,,,,,1722051872.864629531
72,10.0.0.134,10.0.0.134,71,0,60,6,False,False,False,40,512,,,,,1722051873.865373480
73,10.0.0.134,10.0.0.134,72,0,60,6,False,False,False,40,512,,,,,1722051874.866071061
74,10.0.0.134,224.0.0.251,,,105,17,,,,91,,,,,,1722051875.169593615
75,10.0.0.134,10.0.0.134,73,0,60,6,False,False,False,40,512,,,,,1722051875.875510229
76,10.0.0.134,10.0.0.134,74,0,60,6,False,False,False,40,512,,,,,1722051876.874908716
77,10.0.0.134,10.0.0.134,75,0,60,6,False,False,False,40,512,,,,,1722051877.875434020
78,10.0.0.134,10.0.0.134,76,0,60,6,False,False,False,40,512,,,,,1722051878.876437309
79,10.0.0.134,10.0.0.134,77,0,60,6,False,False,False,40,512,,,,,1722051879.877077911
80,10.0.0.134,10.0.0.134,78,0,60,6,False,False,False,40,512,,,,,1722051880.877754924
81,10.0.0.134,10.0.0.134,79,0,60,6,False,False,False,40,512,,,,,1722051881.878469613
82,10.0.0.134,10.0.0.134,80,0,60,6,False,False,False,40,512,,,,,1722051882.879101046
83,10.0.0.134,10.0.0.134,81,0,60,6,False,False,False,40,512,,,,,1722051883.886574924
84,10.0.0.134,10.0.0.134,82,0,60,6,False,False,False,40,512,,,,,1722051884.887512209
85,10.0.0.134,10.0.0.134,83,0,60,6,False,False,False,40,512,,,,,1722051885.888323813
86,10.0.0.134,10.0.0.134,84,0,60,6,False,False,False,40,512,,,,,1722051886.888527627
87,10.0.0.134,10.0.0.134,85,0,60,6,False,False,False,40,512,,,,,1722051887.889252002
88,10.0.0.134,10.0.0.134,86,0,60,6,False,False,False,40,512,,,,,1722051888.890294893
89,10.0.0.134,10.0.0.134,87,0,60,6,False,False,False,40,512,,,,,1722051889.891027035
90,10.0.0.134,10.0.0.2,,,89,17,,,,75,,,,,,1722051890.116173152
91,10.0.0.2,10.0.0.134,,,425,17,,,,411,,,,,,1722051890.120880542
92,10.0.0.134,10.0.0.134,88,0,60,6,False,False,False,40,512,,,,,1722051890.891713159
93,10.0.0.134,10.0.0.134,89,0,60,6,False,False,False,40,512,,,,,1722051891.892398057
94,10.0.0.134,10.0.0.134,90,0,60,6,False,False,False,40,512,,,,,1722051892.893256499
95,10.0.0.134,10.0.0.134,91,0,60,6,False,False,False,40,512,,,,,1722051893.894353931
96,10.0.0.134,10.0.0.134,92,0,60,6,False,False,False,40,512,,,,,1722051894.895426864
97,10.0.0.134,10.0.0.134,93,0,60,6,False,False,False,40,512,,,,,1722051895.896272994
98,10.0.0.134,10.0.0.134,94,0,60,6,False,False,False,40,512,,,,,1722051896.897138618
99,10.0.0.134,10.0.0.134,95,0,60,6,False,False,False,40,512,,,,,1722051897.897939820
100,10.0.0.134,10.0.0.134,96,0,60,6,False,False,False,40,512,,,,,1722051898.900190370
101,10.0.0.134,10.0.0.134,97,0,60,6,False,False,False,40,512,,,,,1722051899.900873305
102,10.0.0.134,10.0.0.134,98,0,60,6,False,False,False,40,512,,,,,1722051900.901703252
103,10.0.0.134,10.0.0.134,99,0,60,6,False,False,False,40,512,,,,,1722051901.902635887
104,10.0.0.134,10.0.0.134,100,0,60,6,False,False,False,40,512,,,,,1722051902.903494945
105,10.0.0.134,10.0.0.134,101,0,60,6,False,False,False,40,512,,,,,1722051903.904640016
106,10.0.0.134,10.0.0.134,102,0,60,6,False,False,False,40,512,,,,,1722051904.905119158
107,10.0.0.134,10.0.0.134,103,0,60,6,False,False,False,40,512,,,,,1722051905.905948158
108,10.0.0.134,10.0.0.134,104,0,60,6,False,False,False,40,512,,,,,1722051906.906662589
109,10.0.0.134,10.0.0.134,105,0,60,6,False,False,False,40,512,,,,,1722051907.907111808
110,10.0.0.134,10.0.0.134,106,0,60,6,False,False,False,40,512,,,,,1722051908.907766125
111,10.0.0.134,10.0.0.134,107,0,60,6,False,False,False,40,512,,,,,1722051909.908458920
112,10.0.0.134,10.0.0.134,108,0,60,6,False,False,False,40,512,,,,,1722051910.909501420
113,10.0.0.134,10.0.0.134,109,0,60,6,False,False,False,40,512,,,,,1722051911.910479075
114,10.0.0.134,10.0.0.134,110,0,60,6,False,False,False,40,512,,,,,1722051912.911042337
115,10.0.0.134,10.0.0.134,111,0,60,6,False,False,False,40,512,,,,,1722051913.911752603
116,10.0.0.134,10.0.0.134,112,0,60,6,False,False,False,40,512,,,,,1722051914.913285452
117,10.0.0.134,10.0.0.134,113,0,60,6,False,False,False,40,512,,,,,1722051915.914462382
118,10.0.0.134,10.0.0.134,114,0,60,6,False,False,False,40,512,,,,,1722051916.915041107
119,10.0.0.134,10.0.0.134,115,0,60,6,False,False,False,40,512,,,,,1722051917.915844590
120,10.0.0.134,10.0.0.134,116,0,60,6,False,False,False,40,512,,,,,1722051918.916804243
121,10.0.0.134,10.0.0.134,117,0,60,6,False,False,False,40,512,,,,,1722051919.917150976
122,10.0.0.134,10.0.0.134,118,0,60,6,False,False,False,40,512,,,,,1722051920.917683153
123,10.0.0.134,10.0.0.134,119,0,60,6,False,False,False,40,512,,,,,1722051921.918995329
124,10.0.0.134,10.0.0.134,120,0,60,6,False,False,False,40,512,,,,,1722051922.919667690
125,10.0.0.134,10.0.0.134,121,0,60,6,False,False,False,40,512,,,,,1722051923.920072925
126,10.0.0.134,10.0.0.134,122,0,60,6,False,False,False,40,512,,,,,1722051924.920838194
127,10.0.0.134,10.0.0.134,123,0,60,6,False,False,False,40,512,,,,,1722051925.921875401
128,10.0.0.134,10.0.0.134,124,0,60,6,False,False,False,40,512,,,,,1722051926.923900034
129,10.0.0.134,10.0.0.134,125,0,60,6,False,False,False,40,512,,,,,1722051927.924312530
130,10.0.0.134,10.0.0.134,126,0,60,6,False,False,False,40,512,,,,,1722051928.925419970
131,10.0.0.134,10.0.0.134,127,0,60,6,False,False,False,40,512,,,,,1722051929.926743344
132,10.0.0.134,10.0.0.134,128,0,60,6,False,False,False,40,512,,,,,1722051930.927898953
133,10.0.0.134,10.0.0.134,129,0,60,6,False,False,False,40,512,,,,,1722051931.929090304
134,10.0.0.134,10.0.0.134,130,0,60,6,False,False,False,40,512,,,,,1722051932.929322775
135,10.0.0.134,10.0.0.134,131,0,60,6,False,False,False,40,512,,,,,1722051933.930034698
136,10.0.0.134,10.0.0.134,132,0,60,6,False,False,False,40,512,,,,,1722051934.931019744
137,10.0.0.134,10.0.0.134,133,0,60,6,False,False,False,40,512,,,,,1722051935.932032126
138,10.0.0.134,10.0.0.134,134,0,60,6,False,False,False,40,512,,,,,1722051936.932738117
139,10.0.0.134,10.0.0.134,135,0,60,6,False,False,False,40,512,,,,,1722051937.933446835
140,10.0.0.134,10.0.0.134,136,0,60,6,False,False,False,40,512,,,,,1722051938.934145561
141,10.0.0.134,10.0.0.134,137,0,60,6,False,False,False,40,512,,,,,1722051939.937271634
142,10.0.0.134,10.0.0.134,138,0,60,6,False,False,False,40,512,,,,,1722051940.938125652
143,10.0.0.134,10.0.0.134,139,0,60,6,False,False,False,40,512,,,,,1722051941.939538813
144,10.0.0.134,10.0.0.134,140,0,60,6,False,False,False,40,512,,,,,1722051942.940174077
145,10.0.0.134,10.0.0.134,141,0,60,6,False,False,False,40,512,,,,,1722051943.940946592
146,10.0.0.134,10.0.0.134,142,0,60,6,False,False,False,40,512,,,,,1722051944.941260787
147,10.0.0.134,10.0.0.134,143,0,60,6,False,False,False,40,512,,,,,1722051945.941826280
148,10.0.0.134,10.0.0.134,144,0,60,6,False,False,False,40,512,,,,,1722051946.942902029
149,10.0.0.134,10.0.0.134,145,0,60,6,False,False,False,40,512,,,,,1722051947.944008992
150,10.0.0.134,10.0.0.134,146,0,60,6,False,False,False,40,512,,,,,1722051948.944771099
151,10.0.0.134,10.0.0.134,147,0,60,6,False,False,False,40,512,,,,,1722051949.945352970
152,10.0.0.134,10.0.0.134,148,0,60,6,False,False,False,40,512,,,,,1722051950.946367429
153,10.0.0.134,10.0.0.134,149,0,60,6,False,False,False,40,512,,,,,1722051951.946979409
154,10.0.0.134,10.0.0.134,150,0,60,6,False,False,False,40,512,,,,,1722051952.947890199
155,10.0.0.134,10.0.0.134,151,0,60,6,False,False,False,40,512,,,,,1722051953.948868893
156,10.0.0.134,10.0.0.134,152,0,60,6,False,False,False,40,512,,,,,1722051954.949983660
157,10.0.0.134,10.0.0.134,153,0,60,6,False,False,False,40,512,,,,,1722051955.950588370
158,10.0.0.134,10.0.0.134,154,0,60,6,False,False,False,40,512,,,,,1722051956.951729768
159,10.0.0.134,10.0.0.134,155,0,60,6,False,False,False,40,512,,,,,1722051957.952554017
160,10.0.0.134,10.0.0.134,156,0,60,6,False,False,False,40,512,,,,,1722051958.953206585
161,10.0.0.134,10.0.0.134,157,0,60,6,False,False,False,40,512,,,,,1722051959.954468259
162,10.0.0.134,10.0.0.134,158,0,60,6,False,False,False,40,512,,,,,1722051960.955611956
163,10.0.0.134,10.0.0.134,159,0,60,6,False,False,False,40,512,,,,,1722051961.956488267
164,10.0.0.134,10.0.0.134,160,0,60,6,False,False,False,40,512,,,,,1722051962.957182332
165,10.0.0.134,10.0.0.134,161,0,60,6,False,False,False,40,512,,,,,1722051963.958146285
166,10.0.0.134,10.0.0.134,162,0,60,6,False,False,False,40,512,,,,,1722051964.958923588
167,10.0.0.134,10.0.0.134,163,0,60,6,False,False,False,40,512,,,,,1722051965.960331349
168,10.0.0.134,10.0.0.134,164,0,60,6,False,False,False,40,512,,,,,1722051966.961293685
169,10.0.0.134,10.0.0.134,165,0,60,6,False,False,False,40,512,,,,,1722051967.962652463
170,10.0.0.134,10.0.0.134,166,0,60,6,False,False,False,40,512,,,,,1722051968.963698475
171,10.0.0.134,10.0.0.134,167,0,60,6,False,False,False,40,512,,,,,1722051969.964772000
172,10.0.0.134,10.0.0.134,168,0,60,6,False,False,False,40,512,,,,,1722051970.965914683
173,10.0.0.134,10.0.0.134,169,0,60,6,False,False,False,40,512,,,,,1722051971.966951997
174,10.0.0.134,10.0.0.134,170,0,60,6,False,False,False,40,512,,,,,1722051972.968209892
175,10.0.0.134,10.0.0.134,171,0,60,6,False,False,False,40,512,,,,,1722051973.969266457
176,10.0.0.134,10.0.0.134,172,0,60,6,False,False,False,40,512,,,,,1722051974.970198402
177,10.0.0.134,10.0.0.134,173,0,60,6,False,False,False,40,512,,,,,1722051975.971657906
178,10.0.0.134,10.0.0.134,174,0,60,6,False,False,False,40,512,,,,,1722051976.972640666
179,10.0.0.134,10.0.0.134,175,0,60,6,False,False,False,40,512,,,,,1722051977.973956424
180,10.0.0.134,10.0.0.134,176,0,60,6,False,False,False,40,512,,,,,1722051978.975173776
181,10.0.0.134,10.0.0.134,177,0,60,6,False,False,False,40,512,,,,,1722051979.976506976
182,10.0.0.134,10.0.0.2,,,89,17,,,,75,,,,,,1722051980.112695533
183,10.0.0.2,10.0.0.134,,,281,17,,,,267,,,,,,1722051980.121778768
184,10.0.0.134,185.125.190.17,56426,80,74,6,True,False,False,60,64240,,,,,1722051980.123426473
185,185.125.190.17,10.0.0.134,80,56426,60,6,True,True,False,44,64240,0.102126384,,,,1722051980.225552857
186,10.0.0.134,185.125.190.17,56426,80,54,6,False,True,False,40,64240,0.000049224,0.102175608,,,1722051980.225602081
187,10.0.0.134,185.125.190.17,56426,80,141,6,False,True,False,127,64240,,0.102175608,87,87,1722051980.226258022
188,185.125.190.17,10.0.0.134,80,56426,60,6,False,True,False,40,64240,0.000307240,0.102175608,,,1722051980.226565262
189,185.125.190.17,10.0.0.134,80,56426,243,6,False,True,True,229,64240,,0.102175608,189,189,1722051980.322295167
190,10.0.0.134,185.125.190.17,56426,80,54,6,False,True,True,40,64050,0.000568885,0.102175608,,,1722051980.322864052
191,185.125.190.17,10.0.0.134,80,56426,60,6,False,True,False,40,64239,0.000535479,0.102175608,,,1722051980.323399531
192,10.0.0.134,10.0.0.134,178,0,60,6,False,False,False,40,512,,,,,1722051980.977437381
193,10.0.0.134,10.0.0.134,179,0,60,6,False,False,False,40,512,,,,,1722051981.978756731
194,10.0.0.134,10.0.0.134,180,0,60,6,False,False,False,40,512,,,,,1722051982.980119676
195,10.0.0.134,10.0.0.134,181,0,60,6,False,False,False,40,512,,,,,1722051983.980965429
196,10.0.0.134,10.0.0.134,182,0,60,6,False,False,False,40,512,,,,,1722051984.981602023
197,10.0.0.134,10.0.0.134,183,0,60,6,False,False,False,40,512,,,,,1722051985.983480818
198,10.0.0.134,10.0.0.134,184,0,60,6,False,False,False,40,512,,,,,1722051986.984738104
199,10.0.0.134,10.0.0.134,185,0,60,6,False,False,False,40,512,,,,,1722051987.985512452
200,10.0.0.134,10.0.0.134,186,0,60,6,False,False,False,40,512,,,,,1722051988.986504638
201,10.0.0.134,10.0.0.134,187,0,60,6,False,False,False,40,512,,,,,1722051989.987418901
202,10.0.0.134,10.0.0.134,188,0,60,6,False,False,False,40,512,,,,,1722051990.987927209
203,10.0.0.134,10.0.0.134,189,0,60,6,False,False,False,40,512,,,,,1722051991.989766504
204,10.0.0.134,10.0.0.134,190,0,60,6,False,False,False,40,512,,,,,1722051992.990287861
205,10.0.0.134,10.0.0.134,191,0,60,6,False,False,False,40,512,,,,,1722051993.990925166
206,10.0.0.134,10.0.0.134,192,0,60,6,False,False,False,40,512,,,,,1722051994.991187008
207,10.0.0.134,10.0.0.134,193,0,60,6,False,False,False,40,512,,,,,1722051995.992130443
208,10.0.0.134,10.0.0.134,194,0,60,6,False,False,False,40,512,,,,,1722051996.993112479
209,10.0.0.134,10.0.0.134,195,0,60,6,False,False,False,40,512,,,,,1722051997.994885593
210,10.0.0.134,10.0.0.134,196,0,60,6,False,False,False,40,512,,,,,1722051999.006991202
211,10.0.0.134,10.0.0.134,197,0,60,6,False,False,False,40,512,,,,,1722052000.008637891
212,10.0.0.134,10.0.0.134,198,0,60,6,False,False,False,40,512,,,,,1722052001.008848293
213,10.0.0.134,10.0.0.134,199,0,60,6,False,False,False,40,512,,,,,1722052002.009755528
214,10.0.0.134,10.0.0.134,200,0,60,6,False,False,False,40,512,,,,,1722052003.010370580
215,10.0.0.134,10.0.0.134,201,0,60,6,False,False,False,40,512,,,,,1722052004.011757097
216,10.0.0.134,10.0.0.134,202,0,60,6,False,False,False,40,512,,,,,1722052005.012708271
217,10.0.0.134,10.0.0.134,203,0,60,6,False,False,False,40,512,,,,,1722052006.013810963
218,10.0.0.134,10.0.0.134,204,0,60,6,False,False,False,40,512,,,,,1722052007.015206379
219,10.0.0.134,10.0.0.134,205,0,60,6,False,False,False,40,512,,,,,1722052008.016668570
220,10.0.0.134,10.0.0.134,206,0,60,6,False,False,False,40,512,,,,,1722052009.017724775
221,10.0.0.134,10.0.0.134,207,0,60,6,False,False,False,40,512,,,,,1722052010.018707606
222,10.0.0.134,10.0.0.134,208,0,60,6,False,False,False,40,512,,,,,1722052011.019136872
223,10.0.0.134,10.0.0.134,209,0,60,6,False,False,False,40,512,,,,,1722052012.019861469
224,10.0.0.134,10.0.0.134,210,0,60,6,False,False,False,40,512,,,,,1722052013.020416108
225,10.0.0.134,10.0.0.134,211,0,60,6,False,False,False,40,512,,,,,1722052014.020827814
226,10.0.0.134,10.0.0.134,212,0,60,6,False,False,False,40,512,,,,,1722052015.022138384
227,10.0.0.134,10.0.0.134,213,0,60,6,False,False,False,40,512,,,,,1722052016.022474038
228,10.0.0.134,10.0.0.134,214,0,60,6,False,False,False,40,512,,,,,1722052017.023286551
229,10.0.0.134,10.0.0.134,215,0,60,6,False,False,False,40,512,,,,,1722052018.023756990
230,10.0.0.134,10.0.0.134,216,0,60,6,False,False,False,40,512,,,,,1722052019.024571762
231,10.0.0.134,10.0.0.134,217,0,60,6,False,False,False,40,512,,,,,1722052020.036009319
232,10.0.0.134,10.0.0.134,218,0,60,6,False,False,False,40,512,,,,,1722052021.036776167
233,10.0.0.134,10.0.0.134,219,0,60,6,False,False,False,40,512,,,,,1722052022.037356603
234,10.0.0.134,10.0.0.134,220,0,60,6,False,False,False,40,512,,,,,1722052023.038046208
235,10.0.0.134,10.0.0.134,221,0,60,6,False,False,False,40,512,,,,,1722052024.039680185
236,10.0.0.134,10.0.0.134,222,0,60,6,False,False,False,40,512,,,,,1722052025.040636518
237,10.0.0.134,10.0.0.134,223,0,60,6,False,False,False,40,512,,,,,1722052026.041306854
238,10.0.0.134,10.0.0.134,224,0,60,6,False,False,False,40,512,,,,,1722052027.041887799
239,10.0.0.134,10.0.0.134,225,0,60,6,False,False,False,40,512,,,,,1722052028.042630064
240,10.0.0.134,10.0.0.134,226,0,60,6,False,False,False,40,512,,,,,1722052029.043709593
241,10.0.0.134,10.0.0.134,227,0,60,6,False,False,False,40,512,,,,,1722052030.046117461
242,10.0.0.134,10.0.0.134,228,0,60,6,False,False,False,40,512,,,,,1722052031.046983655
243,10.0.0.134,10.0.0.134,229,0,60,6,False,False,False,40,512,,,,,1722052032.047995420
244,10.0.0.134,10.0.0.134,230,0,60,6,False,False,False,40,512,,,,,1722052033.048823457
245,10.0.0.134,10.0.0.134,231,0,60,6,False,False,False,40,512,,,,,1722052034.049677526
246,10.0.0.134,10.0.0.134,232,0,60,6,False,False,False,40,512,,,,,1722052035.059153394
247,10.0.0.134,10.0.0.134,233,0,60,6,False,False,False,40,512,,,,,1722052036.087431289
248,10.0.0.134,10.0.0.134,234,0,60,6,False,False,False,40,512,,,,,1722052037.088638197
249,10.0.0.134,10.0.0.134,235,0,60,6,False,False,False,40,512,,,,,1722052038.089136601
250,10.0.0.134,10.0.0.134,236,0,60,6,False,False,False,40,512,,,,,1722052039.090037556
251,10.0.0.134,10.0.0.134,237,0,60,6,False,False,False,40,512,,,,,1722052040.090439060
252,10.0.0.134,10.0.0.134,238,0,60,6,False,False,False,40,512,,,,,1722052041.091941682
253,10.0.0.134,10.0.0.134,239,0,60,6,False,False,False,40,512,,,,,1722052042.092030970
254,10.0.0.134,10.0.0.134,240,0,60,6,False,False,False,40,512,,,,,1722052043.092708888
255,10.0.0.134,10.0.0.134,241,0,60,6,False,False,False,40,512,,,,,1722052044.093527254
256,10.0.0.134,10.0.0.134,242,0,60,6,False,False,False,40,512,,,,,1722052045.094854066
257,10.0.0.134,10.0.0.134,243,0,60,6,False,False,False,40,512,,,,,1722052046.095428922
258,10.0.0.134,10.0.0.134,244,0,60,6,False,False,False,40,512,,,,,1722052047.095933416
259,10.0.0.134,10.0.0.134,245,0,60,6,False,False,False,40,512,,,,,1722052048.096911225
260,10.0.0.134,10.0.0.134,246,0,60,6,False,False,False,40,512,,,,,1722052049.097632607
261,10.0.0.134,10.0.0.134,247,0,60,6,False,False,False,40,512,,,,,1722052050.098305917
262,10.0.0.134,10.0.0.134,248,0,60,6,False,False,False,40,512,,,,,1722052051.099355638
263,10.0.0.134,10.0.0.134,249,0,60,6,False,False,False,40,512,,,,,1722052052.100306352
264,10.0.0.134,10.0.0.134,250,0,60,6,False,False,False,40,512,,,,,1722052053.101237425
265,10.0.0.134,10.0.0.134,251,0,60,6,False,False,False,40,512,,,,,1722052054.101972702
266,10.0.0.134,10.0.0.134,252,0,60,6,False,False,False,40,512,,,,,1722052055.102932384
267,10.0.0.134,10.0.0.134,253,0,60,6,False,False,False,40,512,,,,,1722052056.103362438
268,10.0.0.134,10.0.0.134,254,0,60,6,False,False,False,40,512,,,,,1722052057.104281449
269,10.0.0.134,10.0.0.134,255,0,60,6,False,False,False,40,512,,,,,1722052058.105848723
270,10.0.0.134,10.0.0.134,256,0,60,6,False,False,False,40,512,,,,,1722052059.106832388
271,10.0.0.134,10.0.0.134,257,0,60,6,False,False,False,40,512,,,,,1722052060.107685356
272,10.0.0.134,10.0.0.134,258,0,60,6,False,False,False,40,512,,,,,1722052061.108172719
273,10.0.0.134,10.0.0.134,259,0,60,6,False,False,False,40,512,,,,,1722052062.109010260
274,10.0.0.134,10.0.0.134,260,0,60,6,False,False,False,40,512,,,,,1722052063.109585815
275,10.0.0.134,10.0.0.134,261,0,60,6,False,False,False,40,512,,,,,1722052064.110104581
276,10.0.0.134,10.0.0.134,262,0,60,6,False,False,False,40,512,,,,,1722052065.110879885
277,10.0.0.134,10.0.0.134,263,0,60,6,False,False,False,40,512,,,,,1722052066.111754104
278,10.0.0.134,10.0.0.134,264,0,60,6,False,False,False,40,512,,,,,1722052067.112514165
279,10.0.0.134,10.0.0.134,265,0,60,6,False,False,False,40,512,,,,,1722052068.114026841
280,10.0.0.134,10.0.0.134,266,0,60,6,False,False,False,40,512,,,,,1722052069.115230774
281,10.0.0.134,10.0.0.134,267,0,60,6,False,False,False,40,512,,,,,1722052070.116259682
282,10.0.0.134,10.0.0.134,268,0,60,6,False,False,False,40,512,,,,,1722052071.117095631
283,10.0.0.134,10.0.0.134,269,0,60,6,False,False,False,40,512,,,,,1722052072.117460598
284,10.0.0.134,10.0.0.134,270,0,60,6,False,False,False,40,512,,,,,1722052073.118221479
285,10.0.0.134,10.0.0.134,271,0,60,6,False,False,False,40,512,,,,,1722052074.119426806
286,10.0.0.134,10.0.0.134,272,0,60,6,False,False,False,40,512,,,,,1722052075.120200594
287,10.0.0.134,10.0.0.134,273,0,60,6,False,False,False,40,512,,,,,1722052076.121112266
288,10.0.0.134,10.0.0.134,274,0,60,6,False,False,False,40,512,,,,,1722052077.122133719
289,10.0.0.134,10.0.0.134,275,0,60,6,False,False,False,40,512,,,,,1722052078.122965276
290,10.0.0.134,10.0.0.134,276,0,60,6,False,False,False,40,512,,,,,1722052079.124101512
291,10.0.0.134,10.0.0.134,277,0,60,6,False,False,False,40,512,,,,,1722052080.124986913
292,10.0.0.134,10.0.0.134,278,0,60,6,False,False,False,40,512,,,,,1722052081.125755994
293,10.0.0.134,10.0.0.134,279,0,60,6,False,False,False,40,512,,,,,1722052082.126278575
294,10.0.0.134,10.0.0.134,280,0,60,6,False,False,False,40,512,,,,,1722052083.127036497
295,10.0.0.134,10.0.0.134,281,0,60,6,False,False,False,40,512,,,,,1722052084.127970354
296,10.0.0.134,10.0.0.134,282,0,60,6,False,False,False,40,512,,,,,1722052085.128853464
297,10.0.0.134,10.0.0.134,283,0,60,6,False,False,False,40,512,,,,,1722052086.129672273
298,10.0.0.134,10.0.0.134,284,0,60,6,False,False,False,40,512,,,,,1722052087.130699342
299,10.0.0.134,10.0.0.134,285,0,60,6,False,False,False,40,512,,,,,1722052088.130900629
300,10.0.0.134,10.0.0.134,286,0,60,6,False,False,False,40,512,,,,,1722052089.131596166
301,10.0.0.134,10.0.0.134,287,0,60,6,False,False,False,40,512,,,,,1722052090.132217075
302,10.0.0.134,10.0.0.134,288,0,60,6,False,False,False,40,512,,,,,1722052091.132952582
303,10.0.0.134,10.0.0.134,289,0,60,6,False,False,False,40,512,,,,,1722052092.133879331
304,10.0.0.134,10.0.0.134,290,0,60,6,False,False,False,40,512,,,,,1722052093.134577566
305,10.0.0.134,10.0.0.134,291,0,60,6,False,False,False,40,512,,,,,1722052094.134905773
306,10.0.0.134,10.0.0.134,292,0,60,6,False,False,False,40,512,,,,,1722052095.136121391
307,10.0.0.134,10.0.0.134,293,0,60,6,False,False,False,40,512,,,,,1722052096.136538423
308,10.0.0.134,10.0.0.134,294,0,60,6,False,False,False,40,512,,,,,1722052097.137348895
309,10.0.0.134,10.0.0.134,295,0,60,6,False,False,False,40,512,,,,,1722052098.137736587
310,10.0.0.134,10.0.0.134,296,0,60,6,False,False,False,40,512,,,,,1722052099.138324954
311,10.0.0.134,10.0.0.134,297,0,60,6,False,False,False,40,512,,,,,1722052100.139022322
312,10.0.0.134,10.0.0.134,298,0,60,6,False,False,False,40,512,,,,,1722052101.139912375
313,10.0.0.134,10.0.0.134,299,0,60,6,False,False,False,40,512,,,,,1722052102.140440516
314,10.0.0.134,10.0.0.134,300,0,60,6,False,False,False,40,512,,,,,1722052103.140737621
315,10.0.0.134,10.0.0.134,301,0,60,6,False,False,False,40,512,,,,,1722052104.141002142
316,10.0.0.134,10.0.0.134,302,0,60,6,False,False,False,40,512,,,,,1722052105.142455965
317,10.0.0.134,10.0.0.134,303,0,60,6,False,False,False,40,512,,,,,1722052106.143866803
318,10.0.0.134,10.0.0.134,304,0,60,6,False,False,False,40,512,,,,,1722052107.144142443
319,10.0.0.134,10.0.0.134,305,0,60,6,False,False,False,40,512,,,,,1722052108.145447048
320,10.0.0.134,10.0.0.134,306,0,60,6,False,False,False,40,512,,,,,1722052109.147692040
321,10.0.0.134,10.0.0.134,307,0,60,6,False,False,False,40,512,,,,,1722052110.146574550
322,10.0.0.134,10.0.0.134,308,0,60,6,False,False,False,40,512,,,,,1722052111.147453435
323,10.0.0.134,10.0.0.134,309,0,60,6,False,False,False,40,512,,,,,1722052112.148440312
324,10.0.0.134,10.0.0.134,310,0,60,6,False,False,False,40,512,,,,,1722052113.149132043
325,10.0.0.134,10.0.0.134,311,0,60,6,False,False,False,40,512,,,,,1722052114.150180408
326,10.0.0.134,10.0.0.134,312,0,60,6,False,False,False,40,512,,,,,1722052115.151320836
327,10.0.0.134,10.0.0.134,313,0,60,6,False,False,False,40,512,,,,,1722052116.152080026
328,10.0.0.134,10.0.0.134,314,0,60,6,False,False,False,40,512,,,,,1722052117.152920630
329,10.0.0.134,10.0.0.134,315,0,60,6,False,False,False,40,512,,,,,1722052118.153697816
330,10.0.0.134,10.0.0.134,316,0,60,6,False,False,False,40,512,,,,,1722052119.154491279
331,10.0.0.134,10.0.0.134,317,0,60,6,False,False,False,40,512,,,,,1722052120.155151326
332,10.0.0.134,10.0.0.134,318,0,60,6,False,False,False,40,512,,,,,1722052121.167188364
333,10.0.0.134,10.0.0.134,319,0,60,6,False,False,False,40,512,,,,,1722052122.168378367
334,10.0.0.134,10.0.0.134,320,0,60,6,False,False,False,40,512,,,,,1722052123.169178669
335,10.0.0.134,10.0.0.134,321,0,60,6,False,False,False,40,512,,,,,1722052124.170087356
336,10.0.0.134,10.0.0.134,322,0,60,6,False,False,False,40,512,,,,,1722052125.170879990
337,10.0.0.134,10.0.0.134,323,0,60,6,False,False,False,40,512,,,,,1722052126.171799409
338,10.0.0.134,10.0.0.134,324,0,60,6,False,False,False,40,512,,,,,1722052127.172602594
339,10.0.0.134,10.0.0.134,325,0,60,6,False,False,False,40,512,,,,,1722052128.175791706
340,10.0.0.134,10.0.0.134,326,0,60,6,False,False,False,40,512,,,,,1722052129.176569677
341,10.0.0.134,10.0.0.134,327,0,60,6,False,False,False,40,512,,,,,1722052130.177184400
342,10.0.0.134,10.0.0.134,328,0,60,6,False,False,False,40,512,,,,,1722052131.177824135
343,10.0.0.134,10.0.0.134,329,0,60,6,False,False,False,40,512,,,,,1722052132.178646004
344,10.0.0.134,10.0.0.134,330,0,60,6,False,False,False,40,512,,,,,1722052133.179345743
345,10.0.0.134,10.0.0.134,331,0,60,6,False,False,False,40,512,,,,,1722052134.179974011
346,10.0.0.134,10.0.0.134,332,0,60,6,False,False,False,40,512,,,,,1722052135.180642470
347,10.0.0.134,10.0.0.134,333,0,60,6,False,False,False,40,512,,,,,1722052136.202623769
348,10.0.0.134,10.0.0.134,334,0,60,6,False,False,False,40,512,,,,,1722052137.203161341
349,10.0.0.134,10.0.0.134,335,0,60,6,False,False,False,40,512,,,,,1722052138.204515162
350,10.0.0.134,10.0.0.134,336,0,60,6,False,False,False,40,512,,,,,1722052139.205503729
351,10.0.0.134,10.0.0.134,337,0,60,6,False,False,False,40,512,,,,,1722052140.206911373
352,10.0.0.134,10.0.0.134,338,0,60,6,False,False,False,40,512,,,,,1722052141.207899755
353,10.0.0.134,10.0.0.134,339,0,60,6,False,False,False,40,512,,,,,1722052142.229116580
354,10.0.0.134,10.0.0.134,340,0,60,6,False,False,False,40,512,,,,,1722052143.229501155
355,10.0.0.134,10.0.0.134,341,0,60,6,False,False,False,40,512,,,,,1722052144.236159533
356,10.0.0.134,10.0.0.134,342,0,60,6,False,False,False,40,512,,,,,1722052145.236667875
357,10.0.0.134,10.0.0.134,343,0,60,6,False,False,False,40,512,,,,,1722052146.237874624
358,10.0.0.134,10.0.0.134,344,0,60,6,False,False,False,40,512,,,,,1722052147.238430610
359,10.0.0.134,10.0.0.134,345,0,60,6,False,False,False,40,512,,,,,1722052148.239202116
360,10.0.0.134,10.0.0.134,346,0,60,6,False,False,False,40,512,,,,,1722052149.240121382
361,10.0.0.134,10.0.0.134,347,0,60,6,False,False,False,40,512,,,,,1722052150.240757628
362,10.0.0.134,10.0.0.134,348,0,60,6,False,False,False,40,512,,,,,1722052151.242146517
363,10.0.0.134,10.0.0.134,349,0,60,6,False,False,False,40,512,,,,,1722052152.242368687
364,10.0.0.134,10.0.0.134,350,0,60,6,False,False,False,40,512,,,,,1722052153.242854533
365,10.0.0.134,10.0.0.134,351,0,60,6,False,False,False,40,512,,,,,1722052154.243561793
366,10.0.0.134,10.0.0.134,352,0,60,6,False,False,False,40,512,,,,,1722052155.243917499
367,10.0.0.134,10.0.0.134,353,0,60,6,False,False,False,40,512,,,,,1722052156.244613167
368,10.0.0.134,10.0.0.134,354,0,60,6,False,False,False,40,512,,,,,1722052157.245986208
369,10.0.0.134,10.0.0.134,355,0,60,6,False,False,False,40,512,,,,,1722052158.246984839
370,10.0.0.134,10.0.0.134,356,0,60,6,False,False,False,40,512,,,,,1722052159.247740054
371,10.0.0.134,10.0.0.134,357,0,60,6,False,False,False,40,512,,,,,1722052160.248400407
372,10.0.0.134,10.0.0.134,358,0,60,6,False,False,False,40,512,,,,,1722052161.249499643
373,10.0.0.134,10.0.0.134,359,0,60,6,False,False,False,40,512,,,,,1722052162.250843839
374,10.0.0.134,10.0.0.134,360,0,60,6,False,False,False,40,512,,,,,1722052163.251826553
375,10.0.0.134,10.0.0.134,361,0,60,6,False,False,False,40,512,,,,,1722052164.252520336
376,10.0.0.134,10.0.0.134,362,0,60,6,False,False,False,40,512,,,,,1722052165.253310692
377,10.0.0.134,10.0.0.134,363,0,60,6,False,False,False,40,512,,,,,1722052166.254769208
378,10.0.0.134,10.0.0.134,364,0,60,6,False,False,False,40,512,,,,,1722052167.255542563
379,10.0.0.134,10.0.0.134,365,0,60,6,False,False,False,40,512,,,,,1722052168.256400357
380,10.0.0.134,10.0.0.134,366,0,60,6,False,False,False,40,512,,,,,1722052169.257303195
381,10.0.0.134,10.0.0.134,367,0,60,6,False,False,False,40,512,,,,,1722052170.258429396
382,10.0.0.134,10.0.0.134,368,0,60,6,False,False,False,40,512,,,,,1722052171.259276165
383,10.0.0.134,10.0.0.134,369,0,60,6,False,False,False,40,512,,,,,1722052172.259999081
384,10.0.0.134,10.0.0.134,370,0,60,6,False,False,False,40,512,,,,,1722052173.261044353
385,10.0.0.134,10.0.0.134,371,0,60,6,False,False,False,40,512,,,,,1722052174.261920459
386,10.0.0.134,10.0.0.134,372,0,60,6,False,False,False,40,512,,,,,1722052175.262905135
387,10.0.0.134,10.0.0.134,373,0,60,6,False,False,False,40,512,,,,,1722052176.263926458
388,10.0.0.134,10.0.0.134,374,0,60,6,False,False,False,40,512,,,,,1722052177.264959924
389,10.0.0.134,10.0.0.134,375,0,60,6,False,False,False,40,512,,,,,1722052178.265598122
390,10.0.0.134,10.0.0.134,376,0,60,6,False,False,False,40,512,,,,,1722052179.266275368
391,10.0.0.134,10.0.0.134,377,0,60,6,False,False,False,40,512,,,,,1722052180.266913705
392,10.0.0.134,10.0.0.134,378,0,60,6,False,False,False,40,512,,,,,1722052181.267452814
393,10.0.0.134,10.0.0.134,379,0,60,6,False,False,False,40,512,,,,,1722052182.268406431
394,10.0.0.134,10.0.0.134,380,0,60,6,False,False,False,40,512,,,,,1722052183.269161211
395,10.0.0.134,10.0.0.134,381,0,60,6,False,False,False,40,512,,,,,1722052184.269988811
396,10.0.0.134,10.0.0.134,382,0,60,6,False,False,False,40,512,,,,,1722052185.270585477
397,10.0.0.134,10.0.0.134,383,0,60,6,False,False,False,40,512,,,,,1722052186.271536518
398,10.0.0.134,10.0.0.134,384,0,60,6,False,False,False,40,512,,,,,1722052187.272377330
399,10.0.0.134,10.0.0.134,385,0,60,6,False,False,False,40,512,,,,,1722052188.273017926
400,10.0.0.134,10.0.0.134,386,0,60,6,False,False,False,40,512,,,,,1722052189.273902830
401,10.0.0.134,10.0.0.2,,,89,17,,,,75,,,,,,1722052190.155748076
402,10.0.0.2,10.0.0.134,,,425,17,,,,411,,,,,,1722052190.163997934
403,10.0.0.134,10.0.0.134,387,0,60,6,False,False,False,40,512,,,,,1722052190.275168414
404,10.0.0.134,10.0.0.134,388,0,60,6,False,False,False,40,512,,,,,1722052191.288297200
405,10.0.0.134,10.0.0.134,389,0,60,6,False,False,False,40,512,,,,,1722052192.289414995
406,10.0.0.134,10.0.0.134,390,0,60,6,False,False,False,40,512,,,,,1722052193.294931781
407,10.0.0.134,10.0.0.134,391,0,60,6,False,False,False,40,512,,,,,1722052194.295457064
408,10.0.0.134,10.0.0.134,392,0,60,6,False,False,False,40,512,,,,,1722052195.296607827
409,10.0.0.134,10.0.0.134,393,0,60,6,False,False,False,40,512,,,,,1722052196.298056356
410,10.0.0.134,10.0.0.134,394,0,60,6,False,False,False,40,512,,,,,1722052197.298519214
411,10.0.0.134,10.0.0.134,395,0,60,6,False,False,False,40,512,,,,,1722052198.299440619
412,10.0.0.134,10.0.0.134,396,0,60,6,False,False,False,40,512,,,,,1722052199.300530690
413,10.0.0.134,10.0.0.134,397,0,60,6,False,False,False,40,512,,,,,1722052200.301508244
414,10.0.0.134,10.0.0.134,398,0,60,6,False,False,False,40,512,,,,,1722052201.302813998
415,10.0.0.134,10.0.0.134,399,0,60,6,False,False,False,40,512,,,,,1722052202.303404845
416,10.0.0.134,10.0.0.134,400,0,60,6,False,False,False,40,512,,,,,1722052203.304434337
417,10.0.0.134,10.0.0.134,401,0,60,6,False,False,False,40,512,,,,,1722052204.305165140
418,10.0.0.134,10.0.0.134,402,0,60,6,False,False,False,40,512,,,,,1722052205.305943562
419,10.0.0.134,10.0.0.134,403,0,60,6,False,False,False,40,512,,,,,1722052206.306461820
420,10.0.0.134,10.0.0.134,404,0,60,6,False,False,False,40,512,,,,,1722052207.307702697
421,10.0.0.134,10.0.0.134,405,0,60,6,False,False,False,40,512,,,,,1722052208.308875629
422,10.0.0.134,10.0.0.134,406,0,60,6,False,False,False,40,512,,,,,1722052209.309767649
423,10.0.0.134,10.0.0.134,407,0,60,6,False,False,False,40,512,,,,,1722052210.310603489
424,10.0.0.134,10.0.0.134,408,0,60,6,False,False,False,40,512,,,,,1722052211.311662558
425,10.0.0.134,10.0.0.134,409,0,60,6,False,False,False,40,512,,,,,1722052212.312131598
426,10.0.0.134,10.0.0.134,410,0,60,6,False,False,False,40,512,,,,,1722052213.312924774
427,10.0.0.134,10.0.0.134,411,0,60,6,False,False,False,40,512,,,,,1722052214.313717204
428,10.0.0.134,10.0.0.134,412,0,60,6,False,False,False,40,512,,,,,1722052215.314234777
429,10.0.0.134,10.0.0.134,413,0,60,6,False,False,False,40,512,,,,,1722052216.326896345
430,10.0.0.134,10.0.0.134,414,0,60,6,False,False,False,40,512,,,,,1722052217.328387963
431,10.0.0.134,10.0.0.134,415,0,60,6,False,False,False,40,512,,,,,1722052218.331634724
432,10.0.0.134,10.0.0.134,416,0,60,6,False,False,False,40,512,,,,,1722052219.332493083
433,10.0.0.134,10.0.0.134,417,0,60,6,False,False,False,40,512,,,,,1722052220.346717855
434,10.0.0.134,10.0.0.134,418,0,60,6,False,False,False,40,512,,,,,1722052221.347387819
435,10.0.0.134,10.0.0.134,419,0,60,6,False,False,False,40,512,,,,,1722052222.348204405
436,10.0.0.134,10.0.0.134,420,0,60,6,False,False,False,40,512,,,,,1722052223.348786174
437,10.0.0.134,10.0.0.134,421,0,60,6,False,False,False,40,512,,,,,1722052224.349304748
438,10.0.0.134,10.0.0.134,422,0,60,6,False,False,False,40,512,,,,,1722052225.350475797
439,10.0.0.134,10.0.0.134,423,0,60,6,False,False,False,40,512,,,,,1722052226.380118089
440,10.0.0.134,10.0.0.134,424,0,60,6,False,False,False,40,512,,,,,1722052227.381442736
441,10.0.0.134,10.0.0.134,425,0,60,6,False,False,False,40,512,,,,,1722052228.382390940
442,10.0.0.134,10.0.0.134,426,0,60,6,False,False,False,40,512,,,,,1722052229.383324812
443,10.0.0.134,10.0.0.134,427,0,60,6,False,False,False,40,512,,,,,1722052230.384360081
444,10.0.0.134,10.0.0.134,428,0,60,6,False,False,False,40,512,,,,,1722052231.385398488
445,10.0.0.134,10.0.0.134,429,0,60,6,False,False,False,40,512,,,,,1722052232.386195034
446,10.0.0.134,10.0.0.134,430,0,60,6,False,False,False,40,512,,,,,1722052233.387497565
447,10.0.0.134,10.0.0.134,431,0,60,6,False,False,False,40,512,,,,,1722052234.388290640
448,10.0.0.134,10.0.0.134,432,0,60,6,False,False,False,40,512,,,,,1722052235.388883595
449,10.0.0.134,10.0.0.134,433,0,60,6,False,False,False,40,512,,,,,1722052236.389643731
450,10.0.0.134,10.0.0.134,434,0,60,6,False,False,False,40,512,,,,,1722052237.390759804
451,10.0.0.134,10.0.0.134,435,0,60,6,False,False,False,40,512,,,,,1722052238.392003875
452,10.0.0.134,10.0.0.134,436,0,60,6,False,False,False,40,512,,,,,1722052239.393019315
453,10.0.0.134,10.0.0.134,437,0,60,6,False,False,False,40,512,,,,,1722052240.393898140
454,10.0.0.134,10.0.0.134,438,0,60,6,False,False,False,40,512,,,,,1722052241.395512345
455,10.0.0.134,10.0.0.134,439,0,60,6,False,False,False,40,512,,,,,1722052242.396333512
456,10.0.0.134,10.0.0.134,440,0,60,6,False,False,False,40,512,,,,,1722052243.403172277
457,10.0.0.134,10.0.0.134,441,0,60,6,False,False,False,40,512,,,,,1722052244.403891977
458,10.0.0.134,10.0.0.134,442,0,60,6,False,False,False,40,512,,,,,1722052245.404641663
459,10.0.0.134,10.0.0.134,443,0,60,6,False,False,False,40,512,,,,,1722052246.405568863
460,10.0.0.134,10.0.0.134,444,0,60,6,False,False,False,40,512,,,,,1722052247.406413485
461,10.0.0.134,10.0.0.134,445,0,60,6,False,False,False,40,512,,,,,1722052248.407118586
462,10.0.0.134,10.0.0.134,446,0,60,6,False,False,False,40,512,,,,,1722052249.408151463
463,10.0.0.134,10.0.0.134,447,0,60,6,False,False,False,40,512,,,,,1722052250.409140711
464,10.0.0.134,10.0.0.134,448,0,60,6,False,False,False,40,512,,,,,1722052251.410090337
465,10.0.0.134,10.0.0.134,449,0,60,6,False,False,False,40,512,,,,,1722052252.410866776
466,10.0.0.134,10.0.0.134,450,0,60,6,False,False,False,40,512,,,,,1722052253.412025297
467,10.0.0.134,10.0.0.134,451,0,60,6,False,False,False,40,512,,,,,1722052254.413050957
468,10.0.0.134,10.0.0.134,452,0,60,6,False,False,False,40,512,,,,,1722052255.414036963
469,10.0.0.134,10.0.0.134,453,0,60,6,False,False,False,40,512,,,,,1722052256.414918660
470,10.0.0.134,10.0.0.134,454,0,60,6,False,False,False,40,512,,,,,1722052257.416151963
471,10.0.0.134,10.0.0.134,455,0,60,6,False,False,False,40,512,,,,,1722052258.416852951
472,10.0.0.134,10.0.0.134,456,0,60,6,False,False,False,40,512,,,,,1722052259.417497107
473,10.0.0.134,10.0.0.134,457,0,60,6,False,False,False,40,512,,,,,1722052260.418112012
474,10.0.0.134,10.0.0.134,458,0,60,6,False,False,False,40,512,,,,,1722052261.418907295
475,10.0.0.134,10.0.0.134,459,0,60,6,False,False,False,40,512,,,,,1722052262.420340752
476,10.0.0.134,10.0.0.134,460,0,60,6,False,False,False,40,512,,,,,1722052263.421347915
477,10.0.0.134,10.0.0.134,461,0,60,6,False,False,False,40,512,,,,,1722052264.422120648
478,10.0.0.134,10.0.0.134,462,0,60,6,False,False,False,40,512,,,,,1722052265.422800145
479,10.0.0.134,10.0.0.134,463,0,60,6,False,False,False,40,512,,,,,1722052266.433552532
480,10.0.0.134,10.0.0.134,464,0,60,6,False,False,False,40,512,,,,,1722052267.434248952
481,10.0.0.134,10.0.0.134,465,0,60,6,False,False,False,40,512,,,,,1722052268.434950048
482,10.0.0.134,10.0.0.134,466,0,60,6,False,False,False,40,512,,,,,1722052269.436669776
483,10.0.0.134,10.0.0.134,467,0,60,6,False,False,False,40,512,,,,,1722052270.437327288
484,10.0.0.134,10.0.0.134,468,0,60,6,False,False,False,40,512,,,,,1722052271.438556714
485,10.0.0.134,10.0.0.134,469,0,60,6,False,False,False,40,512,,,,,1722052272.439220827
486,10.0.0.134,10.0.0.134,470,0,60,6,False,False,False,40,512,,,,,1722052273.440200871
487,10.0.0.134,10.0.0.134,471,0,60,6,False,False,False,40,512,,,,,1722052274.441460553
488,10.0.0.134,10.0.0.134,472,0,60,6,False,False,False,40,512,,,,,1722052275.442482497
489,10.0.0.134,10.0.0.134,473,0,60,6,False,False,False,40,512,,,,,1722052276.443214499
490,10.0.0.134,10.0.0.134,474,0,60,6,False,False,False,40,512,,,,,1722052277.444375314
491,10.0.0.134,10.0.0.134,475,0,60,6,False,False,False,40,512,,,,,1722052278.444948265
492,10.0.0.134,10.0.0.254,,,326,17,,,,312,,,,,,1722052279.027507781
493,10.0.0.254,10.0.0.134,,,342,17,,,,328,,,,,,1722052279.028165291
494,10.0.0.134,10.0.0.134,476,0,60,6,False,False,False,40,512,,,,,1722052279.446071747
495,10.0.0.134,10.0.0.2,,,89,17,,,,75,,,,,,1722052280.072138290
496,10.0.0.2,10.0.0.134,,,281,17,,,,267,,,,,,1722052280.075207336
497,10.0.0.134,185.125.190.17,55048,80,74,6,True,False,False,60,64240,,,,,1722052280.076953552
498,185.125.190.17,10.0.0.134,80,55048,60,6,True,True,False,44,64240,0.118422297,,,,1722052280.195375849
499,10.0.0.134,185.125.190.17,55048,80,54,6,False,True,False,40,64240,0.000064503,0.118486800,,,1722052280.195440352
500,10.0.0.134,185.125.190.17,55048,80,141,6,False,True,False,127,64240,,0.118486800,87,87,1722052280.195818300
501,185.125.190.17,10.0.0.134,80,55048,60,6,False,True,False,40,64240,0.000448679,0.118486800,,,1722052280.196266979
502,185.125.190.17,10.0.0.134,80,55048,243,6,False,True,True,229,64240,,0.118486800,189,189,1722052280.355202725
503,10.0.0.134,185.125.190.17,55048,80,54,6,False,True,True,40,64050,0.000152260,0.118486800,,,1722052280.355354985
504,185.125.190.17,10.0.0.134,80,55048,60,6,False,True,False,40,64239,0.000613549,0.118486800,,,1722052280.355968534
505,10.0.0.134,10.0.0.134,477,0,60,6,False,False,False,40,512,,,,,1722052280.447100970
506,10.0.0.134,10.0.0.134,478,0,60,6,False,False,False,40,512,,,,,1722052281.448597314
507,10.0.0.134,10.0.0.134,479,0,60,6,False,False,False,40,512,,,,,1722052282.449612130
508,10.0.0.134,10.0.0.134,480,0,60,6,False,False,False,40,512,,,,,1722052283.450608916
509,10.0.0.134,10.0.0.134,481,0,60,6,False,False,False,40,512,,,,,1722052284.458737397
510,10.0.0.134,10.0.0.134,482,0,60,6,False,False,False,40,512,,,,,1722052285.459289682
511,10.0.0.134,10.0.0.134,483,0,60,6,False,False,False,40,512,,,,,1722052286.460065911
512,10.0.0.134,10.0.0.134,484,0,60,6,False,False,False,40,512,,,,,1722052287.460637389
513,10.0.0.134,10.0.0.134,485,0,60,6,False,False,False,40,512,,,,,1722052288.461410215
514,10.0.0.134,10.0.0.134,486,0,60,6,False,False,False,40,512,,,,,1722052289.462520761
515,10.0.0.134,10.0.0.134,487,0,60,6,False,False,False,40,512,,,,,1722052290.463798852
516,10.0.0.134,10.0.0.134,488,0,60,6,False,False,False,40,512,,,,,1722052291.464260190
517,10.0.0.134,10.0.0.134,489,0,60,6,False,False,False,40,512,,,,,1722052292.464978934
518,10.0.0.134,10.0.0.134,490,0,60,6,False,False,False,40,512,,,,,1722052293.465302753
519,10.0.0.134,10.0.0.134,491,0,60,6,False,False,False,40,512,,,,,1722052294.466092229
520,10.0.0.134,10.0.0.134,492,0,60,6,False,False,False,40,512,,,,,1722052295.466488463
521,10.0.0.134,10.0.0.134,493,0,60,6,False,False,False,40,512,,,,,1722052296.467134670
522,10.0.0.134,10.0.0.134,494,0,60,6,False,False,False,40,512,,,,,1722052297.468186858
523,10.0.0.134,10.0.0.134,495,0,60,6,False,False,False,40,512,,,,,1722052298.468765083
524,10.0.0.134,10.0.0.134,496,0,60,6,False,False,False,40,512,,,,,1722052299.469562536
525,10.0.0.134,10.0.0.134,497,0,60,6,False,False,False,40,512,,,,,1722052300.470753597
526,10.0.0.134,10.0.0.134,498,0,60,6,False,False,False,40,512,,,,,1722052301.471814434
527,10.0.0.134,10.0.0.134,499,0,60,6,False,False,False,40,512,,,,,1722052302.472185228
528,10.0.0.134,10.0.0.134,500,0,60,6,False,False,False,40,512,,,,,1722052303.473212809
529,10.0.0.134,10.0.0.134,501,0,60,6,False,False,False,40,512,,,,,1722052304.474310531
530,10.0.0.134,10.0.0.134,502,0,60,6,False,False,False,40,512,,,,,1722052305.475010831
531,10.0.0.134,10.0.0.134,503,0,60,6,False,False,False,40,512,,,,,1722052306.475964757
532,10.0.0.134,10.0.0.134,504,0,60,6,False,False,False,40,512,,,,,1722052307.476586098
533,10.0.0.134,10.0.0.134,505,0,60,6,False,False,False,40,512,,,,,1722052308.477698885
534,10.0.0.134,10.0.0.134,506,0,60,6,False,False,False,40,512,,,,,1722052309.478611441
535,10.0.0.134,10.0.0.134,507,0,60,6,False,False,False,40,512,,,,,1722052310.479637153
536,10.0.0.134,10.0.0.134,508,0,60,6,False,False,False,40,512,,,,,1722052311.480303239
537,10.0.0.134,10.0.0.134,509,0,60,6,False,False,False,40,512,,,,,1722052312.482549193
538,10.0.0.134,10.0.0.134,510,0,60,6,False,False,False,40,512,,,,,1722052313.483621680
539,10.0.0.134,10.0.0.134,511,0,60,6,False,False,False,40,512,,,,,1722052314.484328867
540,10.0.0.134,10.0.0.134,512,0,60,6,False,False,False,40,512,,,,,1722052315.484738123
541,10.0.0.134,10.0.0.134,513,0,60,6,False,False,False,40,512,,,,,1722052316.485654852
542,10.0.0.134,10.0.0.134,514,0,60,6,False,False,False,40,512,,,,,1722052317.486526821
543,10.0.0.134,10.0.0.134,515,0,60,6,False,False,False,40,512,,,,,1722052318.487120318
544,10.0.0.134,10.0.0.134,516,0,60,6,False,False,False,40,512,,,,,1722052319.487986694
545,10.0.0.134,10.0.0.134,517,0,60,6,False,False,False,40,512,,,,,1722052320.488497211
546,10.0.0.134,10.0.0.134,518,0,60,6,False,False,False,40,512,,,,,1722052321.489413421
547,10.0.0.134,10.0.0.134,519,0,60,6,False,False,False,40,512,,,,,1722052322.490345923
548,10.0.0.134,10.0.0.134,520,0,60,6,False,False,False,40,512,,,,,1722052323.491059017
549,10.0.0.134,10.0.0.134,521,0,60,6,False,False,False,40,512,,,,,1722052324.491824559
550,10.0.0.134,10.0.0.134,522,0,60,6,False,False,False,40,512,,,,,1722052325.499127189
551,10.0.0.134,10.0.0.134,523,0,60,6,False,False,False,40,512,,,,,1722052326.499692583
552,10.0.0.134,10.0.0.134,524,0,60,6,False,False,False,40,512,,,,,1722052327.500370364
553,10.0.0.134,10.0.0.134,525,0,60,6,False,False,False,40,512,,,,,1722052328.501562595
554,10.0.0.134,10.0.0.134,526,0,60,6,False,False,False,40,512,,,,,1722052329.502860613
555,10.0.0.134,10.0.0.134,527,0,60,6,False,False,False,40,512,,,,,1722052330.503922649
556,10.0.0.134,10.0.0.134,528,0,60,6,False,False,False,40,512,,,,,1722052331.505063445
557,10.0.0.134,10.0.0.134,529,0,60,6,False,False,False,40,512,,,,,1722052332.505769495
558,10.0.0.134,10.0.0.134,530,0,60,6,False,False,False,40,512,,,,,1722052333.507024624
559,10.0.0.134,10.0.0.134,531,0,60,6,False,False,False,40,512,,,,,1722052334.507512100
560,10.0.0.134,10.0.0.134,532,0,60,6,False,False,False,40,512,,,,,1722052335.508597432
561,10.0.0.134,10.0.0.134,533,0,60,6,False,False,False,40,512,,,,,1722052336.509243999
562,10.0.0.134,10.0.0.134,534,0,60,6,False,False,False,40,512,,,,,1722052337.509942410
563,10.0.0.134,10.0.0.134,535,0,60,6,False,False,False,40,512,,,,,1722052338.510606130
564,10.0.0.134,10.0.0.134,536,0,60,6,False,False,False,40,512,,,,,1722052339.511287162
565,10.0.0.134,10.0.0.134,537,0,60,6,False,False,False,40,512,,,,,1722052340.512170005
566,10.0.0.134,10.0.0.134,538,0,60,6,False,False,False,40,512,,,,,1722052341.513269134
567,10.0.0.134,10.0.0.134,539,0,60,6,False,False,False,40,512,,,,,1722052342.513952835
568,10.0.0.134,10.0.0.134,540,0,60,6,False,False,False,40,512,,,,,1722052343.514477147
569,10.0.0.134,10.0.0.134,541,0,60,6,False,False,False,40,512,,,,,1722052344.515195833
570,10.0.0.134,10.0.0.134,542,0,60,6,False,False,False,40,512,,,,,1722052345.516342756
571,10.0.0.134,10.0.0.134,543,0,60,6,False,False,False,40,512,,,,,1722052346.517045146
572,10.0.0.134,10.0.0.134,544,0,60,6,False,False,False,40,512,,,,,1722052347.518189009
573,10.0.0.134,10.0.0.134,545,0,60,6,False,False,False,40,512,,,,,1722052348.519149576
574,10.0.0.134,10.0.0.134,546,0,60,6,False,False,False,40,512,,,,,1722052349.520004471
575,10.0.0.134,10.0.0.134,547,0,60,6,False,False,False,40,512,,,,,1722052350.522302468
576,10.0.0.134,10.0.0.134,548,0,60,6,False,False,False,40,512,,,,,1722052351.523025938
577,10.0.0.134,10.0.0.134,549,0,60,6,False,False,False,40,512,,,,,1722052352.523968362
578,10.0.0.134,10.0.0.134,550,0,60,6,False,False,False,40,512,,,,,1722052353.524859589
579,10.0.0.134,10.0.0.134,551,0,60,6,False,False,False,40,512,,,,,1722052354.548052653
580,10.0.0.134,10.0.0.134,552,0,60,6,False,False,False,40,512,,,,,1722052355.559657494
581,10.0.0.134,10.0.0.134,553,0,60,6,False,False,False,40,512,,,,,1722052356.561574622
582,10.0.0.134,10.0.0.134,554,0,60,6,False,False,False,40,512,,,,,1722052357.562412583
583,10.0.0.134,10.0.0.134,555,0,60,6,False,False,False,40,512,,,,,1722052358.563008789
584,10.0.0.134,10.0.0.134,556,0,60,6,False,False,False,40,512,,,,,1722052359.572327311
585,10.0.0.134,10.0.0.134,557,0,60,6,False,False,False,40,512,,,,,1722052360.573207574
586,10.0.0.134,10.0.0.134,558,0,60,6,False,False,False,40,512,,,,,1722052361.574257781
587,10.0.0.134,10.0.0.134,559,0,60,6,False,False,False,40,512,,,,,1722052362.574895889
588,10.0.0.134,10.0.0.134,560,0,60,6,False,False,False,40,512,,,,,1722052363.575574190
589,10.0.0.134,10.0.0.134,561,0,60,6,False,False,False,40,512,,,,,1722052364.576540596
590,10.0.0.134,10.0.0.134,562,0,60,6,False,False,False,40,512,,,,,1722052365.577154256
591,10.0.0.134,10.0.0.134,563,0,60,6,False,False,False,40,512,,,,,1722052366.600093454
592,10.0.0.134,10.0.0.134,564,0,60,6,False,False,False,40,512,,,,,1722052367.601022265
593,10.0.0.134,10.0.0.134,565,0,60,6,False,False,False,40,512,,,,,1722052368.601720232
594,10.0.0.134,10.0.0.134,566,0,60,6,False,False,False,40,512,,,,,1722052369.602318966
595,10.0.0.134,10.0.0.134,567,0,60,6,False,False,False,40,512,,,,,1722052370.603321273
596,10.0.0.134,10.0.0.134,568,0,60,6,False,False,False,40,512,,,,,1722052371.604461343
597,10.0.0.134,10.0.0.134,569,0,60,6,False,False,False,40,512,,,,,1722052372.611808071
598,10.0.0.134,10.0.0.134,570,0,60,6,False,False,False,40,512,,,,,1722052373.613194480
599,10.0.0.134,10.0.0.134,571,0,60,6,False,False,False,40,512,,,,,1722052374.613781698
600,10.0.0.134,10.0.0.134,572,0,60,6,False,False,False,40,512,,,,,1722052375.614726294
601,10.0.0.134,10.0.0.134,573,0,60,6,False,False,False,40,512,,,,,1722052376.615667883
602,10.0.0.134,10.0.0.134,574,0,60,6,False,False,False,40,512,,,,,1722052377.616778245
603,10.0.0.134,10.0.0.134,575,0,60,6,False,False,False,40,512,,,,,1722052378.617537617
604,10.0.0.134,10.0.0.134,576,0,60,6,False,False,False,40,512,,,,,1722052379.618141673
605,10.0.0.134,10.0.0.134,577,0,60,6,False,False,False,40,512,,,,,1722052380.618880775
606,10.0.0.134,10.0.0.134,578,0,60,6,False,False,False,40,512,,,,,1722052381.619584677
607,10.0.0.134,10.0.0.134,579,0,60,6,False,False,False,40,512,,,,,1722052382.620286277
608,10.0.0.134,10.0.0.134,580,0,60,6,False,False,False,40,512,,,,,1722052383.620953686
609,10.0.0.134,10.0.0.134,581,0,60,6,False,False,False,40,512,,,,,1722052384.621324778
610,10.0.0.134,10.0.0.134,582,0,60,6,False,False,False,40,512,,,,,1722052385.622099941
611,10.0.0.134,10.0.0.134,583,0,60,6,False,False,False,40,512,,,,,1722052386.623223488
612,10.0.0.134,10.0.0.134,584,0,60,6,False,False,False,40,512,,,,,1722052387.623503255
613,10.0.0.134,10.0.0.134,585,0,60,6,False,False,False,40,512,,,,,1722052388.624188611
614,10.0.0.134,10.0.0.134,586,0,60,6,False,False,False,40,512,,,,,1722052389.639823242
615,10.0.0.134,10.0.0.134,587,0,60,6,False,False,False,40,512,,,,,1722052390.640588495
616,10.0.0.134,10.0.0.134,588,0,60,6,False,False,False,40,512,,,,,1722052391.641509160
617,10.0.0.134,10.0.0.134,589,0,60,6,False,False,False,40,512,,,,,1722052392.642198603
618,10.0.0.134,10.0.0.134,590,0,60,6,False,False,False,40,512,,,,,1722052393.642575740
619,10.0.0.134,10.0.0.134,591,0,60,6,False,False,False,40,512,,,,,1722052394.644549160
620,10.0.0.134,10.0.0.134,592,0,60,6,False,False,False,40,512,,,,,1722052395.645226688
621,10.0.0.134,10.0.0.134,593,0,60,6,False,False,False,40,512,,,,,1722052396.646210685
622,10.0.0.134,10.0.0.134,594,0,60,6,False,False,False,40,512,,,,,1722052397.646525427
623,10.0.0.134,10.0.0.134,595,0,60,6,False,False,False,40,512,,,,,1722052398.647427557
624,10.0.0.134,10.0.0.134,596,0,60,6,False,False,False,40,512,,,,,1722052399.648067472
625,10.0.0.134,10.0.0.134,597,0,60,6,False,False,False,40,512,,,,,1722052400.648354038
626,10.0.0.134,10.0.0.134,598,0,60,6,False,False,False,40,512,,,,,1722052401.648817915
627,10.0.0.134,10.0.0.134,599,0,60,6,False,False,False,40,512,,,,,1722052402.649487134
628,10.0.0.134,10.0.0.134,600,0,60,6,False,False,False,40,512,,,,,1722052403.650321690
629,10.0.0.134,10.0.0.134,601,0,60,6,False,False,False,40,512,,,,,1722052404.650748785
630,10.0.0.134,10.0.0.134,602,0,60,6,False,False,False,40,512,,,,,1722052405.651229357
631,10.0.0.134,10.0.0.134,603,0,60,6,False,False,False,40,512,,,,,1722052406.652048944
632,10.0.0.134,10.0.0.134,604,0,60,6,False,False,False,40,512,,,,,1722052407.652628953
633,10.0.0.134,10.0.0.134,605,0,60,6,False,False,False,40,512,,,,,1722052408.653879882
634,10.0.0.134,10.0.0.134,606,0,60,6,False,False,False,40,512,,,,,1722052409.654873988
635,10.0.0.134,10.0.0.134,607,0,60,6,False,False,False,40,512,,,,,1722052410.656160659
636,10.0.0.134,10.0.0.134,608,0,60,6,False,False,False,40,512,,,,,1722052411.657213435
637,10.0.0.134,10.0.0.134,609,0,60,6,False,False,False,40,512,,,,,1722052412.658005959
638,10.0.0.134,10.0.0.134,610,0,60,6,False,False,False,40,512,,,,,1722052413.658064637
639,10.0.0.134,10.0.0.134,611,0,60,6,False,False,False,40,512,,,,,1722052414.658815358
640,10.0.0.134,10.0.0.134,612,0,60,6,False,False,False,40,512,,,,,1722052415.659450810
641,10.0.0.134,10.0.0.134,613,0,60,6,False,False,False,40,512,,,,,1722052416.660273528
642,10.0.0.134,10.0.0.134,614,0,60,6,False,False,False,40,512,,,,,1722052417.660731666
643,10.0.0.134,10.0.0.134,615,0,60,6,False,False,False,40,512,,,,,1722052418.661910020
644,10.0.0.134,10.0.0.134,616,0,60,6,False,False,False,40,512,,,,,1722052419.663133295
645,10.0.0.134,10.0.0.134,617,0,60,6,False,False,False,40,512,,,,,1722052420.663502228
646,10.0.0.134,10.0.0.134,618,0,60,6,False,False,False,40,512,,,,,1722052421.664489859
647,10.0.0.134,10.0.0.134,619,0,60,6,False,False,False,40,512,,,,,1722052422.671315785
648,10.0.0.134,10.0.0.134,620,0,60,6,False,False,False,40,512,,,,,1722052423.672222846
649,10.0.0.134,10.0.0.134,621,0,60,6,False,False,False,40,512,,,,,1722052424.673275766
650,10.0.0.134,10.0.0.134,622,0,60,6,False,False,False,40,512,,,,,1722052425.691954951
651,10.0.0.134,10.0.0.134,623,0,60,6,False,False,False,40,512,,,,,1722052426.693040363
652,10.0.0.134,10.0.0.134,624,0,60,6,False,False,False,40,512,,,,,1722052427.694410969
653,10.0.0.134,10.0.0.134,625,0,60,6,False,False,False,40,512,,,,,1722052428.695217229
654,10.0.0.134,10.0.0.134,626,0,60,6,False,False,False,40,512,,,,,1722052429.696368357
655,10.0.0.134,10.0.0.134,627,0,60,6,False,False,False,40,512,,,,,1722052430.696991315
656,10.0.0.134,10.0.0.134,628,0,60,6,False,False,False,40,512,,,,,1722052431.698531794
657,10.0.0.134,10.0.0.134,629,0,60,6,False,False,False,40,512,,,,,1722052432.699178701
658,10.0.0.134,10.0.0.134,630,0,60,6,False,False,False,40,512,,,,,1722052433.711282615
659,10.0.0.134,10.0.0.134,631,0,60,6,False,False,False,40,512,,,,,1722052434.730827730
660,10.0.0.134,10.0.0.134,632,0,60,6,False,False,False,40,512,,,,,1722052435.731337221
661,10.0.0.134,10.0.0.134,633,0,60,6,False,False,False,40,512,,,,,1722052436.732037899
662,10.0.0.134,10.0.0.134,634,0,60,6,False,False,False,40,512,,,,,1722052437.733278912
663,10.0.0.134,10.0.0.134,635,0,60,6,False,False,False,40,512,,,,,1722052438.734522929
664,10.0.0.134,10.0.0.134,636,0,60,6,False,False,False,40,512,,,,,1722052439.735298370
665,10.0.0.134,10.0.0.134,637,0,60,6,False,False,False,40,512,,,,,1722052440.760050652
666,10.0.0.134,10.0.0.134,638,0,60,6,False,False,False,40,512,,,,,1722052441.759031413
667,10.0.0.134,10.0.0.134,639,0,60,6,False,False,False,40,512,,,,,1722052442.759699925
668,10.0.0.134,10.0.0.134,640,0,60,6,False,False,False,40,512,,,,,1722052443.760474235
669,10.0.0.134,10.0.0.134,641,0,60,6,False,False,False,40,512,,,,,1722052444.761241256
670,10.0.0.134,10.0.0.134,642,0,60,6,False,False,False,40,512,,,,,1722052445.761708508
671,10.0.0.134,10.0.0.134,643,0,60,6,False,False,False,40,512,,,,,1722052446.764740123
672,10.0.0.134,10.0.0.134,644,0,60,6,False,False,False,40,512,,,,,1722052447.765464654
673,10.0.0.134,10.0.0.134,645,0,60,6,False,False,False,40,512,,,,,1722052448.766174636
674,10.0.0.134,10.0.0.134,646,0,60,6,False,False,False,40,512,,,,,1722052449.766740645
675,10.0.0.134,10.0.0.134,647,0,60,6,False,False,False,40,512,,,,,1722052450.767042418
676,10.0.0.134,10.0.0.134,648,0,60,6,False,False,False,40,512,,,,,1722052451.768214583
677,10.0.0.134,10.0.0.134,649,0,60,6,False,False,False,40,512,,,,,1722052452.770117938
678,10.0.0.134,10.0.0.134,650,0,60,6,False,False,False,40,512,,,,,1722052453.771165017
679,10.0.0.134,10.0.0.134,651,0,60,6,False,False,False,40,512,,,,,1722052454.771765037
680,10.0.0.134,10.0.0.134,652,0,60,6,False,False,False,40,512,,,,,1722052455.772600845
681,10.0.0.134,10.0.0.134,653,0,60,6,False,False,False,40,512,,,,,1722052456.773615522
682,10.0.0.134,10.0.0.134,654,0,60,6,False,False,False,40,512,,,,,1722052457.777514165
683,10.0.0.134,10.0.0.134,655,0,60,6,False,False,False,40,512,,,,,1722052458.778116027
684,10.0.0.134,10.0.0.134,656,0,60,6,False,False,False,40,512,,,,,1722052459.778817442
685,10.0.0.134,10.0.0.134,657,0,60,6,False,False,False,40,512,,,,,1722052460.779336561
686,10.0.0.134,10.0.0.134,658,0,60,6,False,False,False,40,512,,,,,1722052461.779837448
687,10.0.0.134,10.0.0.134,659,0,60,6,False,False,False,40,512,,,,,1722052462.781037663
688,10.0.0.134,10.0.0.134,660,0,60,6,False,False,False,40,512,,,,,1722052463.782193605
689,10.0.0.134,10.0.0.134,661,0,60,6,False,False,False,40,512,,,,,1722052464.783772020
690,10.0.0.134,10.0.0.134,662,0,60,6,False,False,False,40,512,,,,,1722052465.784889567
691,10.0.0.134,10.0.0.134,663,0,60,6,False,False,False,40,512,,,,,1722052466.785946024
692,10.0.0.134,10.0.0.134,664,0,60,6,False,False,False,40,512,,,,,1722052467.787469556
693,10.0.0.134,10.0.0.134,665,0,60,6,False,False,False,40,512,,,,,1722052468.788727988
694,10.0.0.134,10.0.0.134,666,0,60,6,False,False,False,40,512,,,,,1722052469.790187026
695,10.0.0.134,10.0.0.134,667,0,60,6,False,False,False,40,512,,,,,1722052470.790970313
696,10.0.0.134,10.0.0.134,668,0,60,6,False,False,False,40,512,,,,,1722052471.791538203
697,10.0.0.134,10.0.0.134,669,0,60,6,False,False,False,40,512,,,,,1722052472.795934943
698,10.0.0.134,10.0.0.134,670,0,60,6,False,False,False,40,512,,,,,1722052473.797327797
699,10.0.0.134,10.0.0.134,671,0,60,6,False,False,False,40,512,,,,,1722052474.797886777
700,10.0.0.134,10.0.0.134,672,0,60,6,False,False,False,40,512,,,,,1722052475.798527600
701,10.0.0.134,10.0.0.134,673,0,60,6,False,False,False,40,512,,,,,1722052476.799333145
702,10.0.0.134,10.0.0.134,674,0,60,6,False,False,False,40,512,,,,,1722052477.800293264
703,10.0.0.134,10.0.0.134,675,0,60,6,False,False,False,40,512,,,,,1722052478.801426518
704,10.0.0.134,10.0.0.134,676,0,60,6,False,False,False,40,512,,,,,1722052479.802453511
705,10.0.0.134,10.0.0.134,677,0,60,6,False,False,False,40,512,,,,,1722052480.803175138
706,10.0.0.134,10.0.0.134,678,0,60,6,False,False,False,40,512,,,,,1722052481.804174867
707,10.0.0.134,10.0.0.134,679,0,60,6,False,False,False,40,512,,,,,1722052482.805207215
708,10.0.0.134,10.0.0.134,680,0,60,6,False,False,False,40,512,,,,,1722052483.805532258
709,10.0.0.134,10.0.0.134,681,0,60,6,False,False,False,40,512,,,,,1722052484.806290353
710,10.0.0.134,10.0.0.134,682,0,60,6,False,False,False,40,512,,,,,1722052485.806787351
711,10.0.0.134,10.0.0.134,683,0,60,6,False,False,False,40,512,,,,,1722052486.807041160
712,10.0.0.134,10.0.0.134,684,0,60,6,False,False,False,40,512,,,,,1722052487.808097774
713,10.0.0.134,10.0.0.134,685,0,60,6,False,False,False,40,512,,,,,1722052488.808607054
714,10.0.0.134,10.0.0.134,686,0,60,6,False,False,False,40,512,,,,,1722052489.809387220
715,10.0.0.134,10.0.0.2,,,89,17,,,,75,,,,,,1722052490.178283008
716,10.0.0.2,10.0.0.134,,,425,17,,,,411,,,,,,1722052490.202130962
717,10.0.0.134,10.0.0.134,687,0,60,6,False,False,False,40,512,,,,,1722052490.810065458
718,10.0.0.134,10.0.0.134,688,0,60,6,False,False,False,40,512,,,,,1722052491.811120450
719,10.0.0.134,10.0.0.134,689,0,60,6,False,False,False,40,512,,,,,1722052492.811844309
720,10.0.0.134,10.0.0.134,690,0,60,6,False,False,False,40,512,,,,,1722052493.812278793
721,10.0.0.134,10.0.0.134,691,0,60,6,False,False,False,40,512,,,,,1722052494.815466724
722,10.0.0.134,10.0.0.134,692,0,60,6,False,False,False,40,512,,,,,1722052495.815812660
723,10.0.0.134,10.0.0.134,693,0,60,6,False,False,False,40,512,,,,,1722052496.816474730
724,10.0.0.134,10.0.0.134,694,0,60,6,False,False,False,40,512,,,,,1722052497.817289614
725,10.0.0.134,10.0.0.134,695,0,60,6,False,False,False,40,512,,,,,1722052498.818812334
726,10.0.0.134,10.0.0.134,696,0,60,6,False,False,False,40,512,,,,,1722052499.819749901
727,10.0.0.134,10.0.0.134,697,0,60,6,False,False,False,40,512,,,,,1722052500.825751192
728,10.0.0.134,10.0.0.134,698,0,60,6,False,False,False,40,512,,,,,1722052501.825509560
729,10.0.0.134,10.0.0.134,699,0,60,6,False,False,False,40,512,,,,,1722052502.825986642
730,10.0.0.134,10.0.0.134,700,0,60,6,False,False,False,40,512,,,,,1722052503.826938673
731,10.0.0.134,10.0.0.134,701,0,60,6,False,False,False,40,512,,,,,1722052504.827796904
732,10.0.0.134,10.0.0.134,702,0,60,6,False,False,False,40,512,,,,,1722052505.828877474
733,10.0.0.134,10.0.0.134,703,0,60,6,False,False,False,40,512,,,,,1722052506.829557947
734,10.0.0.134,10.0.0.134,704,0,60,6,False,False,False,40,512,,,,,1722052507.830580885
735,10.0.0.134,10.0.0.134,705,0,60,6,False,False,False,40,512,,,,,1722052508.831413606
736,10.0.0.134,10.0.0.134,706,0,60,6,False,False,False,40,512,,,,,1722052509.852682490
737,10.0.0.134,10.0.0.134,707,0,60,6,False,False,False,40,512,,,,,1722052510.852963601
738,10.0.0.134,10.0.0.134,708,0,60,6,False,False,False,40,512,,,,,1722052511.853940310
739,10.0.0.134,10.0.0.134,709,0,60,6,False,False,False,40,512,,,,,1722052512.857925951
740,10.0.0.134,10.0.0.134,710,0,60,6,False,False,False,40,512,,,,,1722052513.858528381
741,10.0.0.134,10.0.0.134,711,0,60,6,False,False,False,40,512,,,,,1722052514.859248370
742,10.0.0.134,10.0.0.134,712,0,60,6,False,False,False,40,512,,,,,1722052515.859940488
743,10.0.0.134,10.0.0.134,713,0,60,6,False,False,False,40,512,,,,,1722052516.860707251
744,10.0.0.134,10.0.0.134,714,0,60,6,False,False,False,40,512,,,,,1722052517.861561496
745,10.0.0.134,10.0.0.134,715,0,60,6,False,False,False,40,512,,,,,1722052518.862309779
746,10.0.0.134,10.0.0.134,716,0,60,6,False,False,False,40,512,,,,,1722052519.862651906
747,10.0.0.134,10.0.0.134,717,0,60,6,False,False,False,40,512,,,,,1722052520.863338429
748,10.0.0.134,10.0.0.134,718,0,60,6,False,False,False,40,512,,,,,1722052521.864031720
749,10.0.0.134,10.0.0.134,719,0,60,6,False,False,False,40,512,,,,,1722052522.865340981
750,10.0.0.134,10.0.0.134,720,0,60,6,False,False,False,40,512,,,,,1722052523.866200576
751,10.0.0.134,10.0.0.134,721,0,60,6,False,False,False,40,512,,,,,1722052524.866544404
752,10.0.0.134,10.0.0.134,722,0,60,6,False,False,False,40,512,,,,,1722052525.867347945
753,10.0.0.134,10.0.0.134,723,0,60,6,False,False,False,40,512,,,,,1722052526.868047767
754,10.0.0.134,10.0.0.134,724,0,60,6,False,False,False,40,512,,,,,1722052527.869220506
755,10.0.0.134,10.0.0.134,725,0,60,6,False,False,False,40,512,,,,,1722052528.870198497
756,10.0.0.134,10.0.0.134,726,0,60,6,False,False,False,40,512,,,,,1722052529.870709933
757,10.0.0.134,10.0.0.134,727,0,60,6,False,False,False,40,512,,,,,1722052530.871594936
758,10.0.0.134,10.0.0.134,728,0,60,6,False,False,False,40,512,,,,,1722052531.872454846
759,10.0.0.134,10.0.0.134,729,0,60,6,False,False,False,40,512,,,,,1722052532.873928689
760,10.0.0.134,10.0.0.134,730,0,60,6,False,False,False,40,512,,,,,1722052533.874191729
761,10.0.0.134,10.0.0.134,731,0,60,6,False,False,False,40,512,,,,,1722052534.875152150
762,10.0.0.134,10.0.0.134,732,0,60,6,False,False,False,40,512,,,,,1722052535.875908637
763,10.0.0.134,10.0.0.134,733,0,60,6,False,False,False,40,512,,,,,1722052536.876562672
764,10.0.0.134,10.0.0.134,734,0,60,6,False,False,False,40,512,,,,,1722052537.877574856
765,10.0.0.134,10.0.0.134,735,0,60,6,False,False,False,40,512,,,,,1722052538.878216099
766,10.0.0.134,10.0.0.134,736,0,60,6,False,False,False,40,512,,,,,1722052539.878695446
767,10.0.0.134,10.0.0.134,737,0,60,6,False,False,False,40,512,,,,,1722052540.879462442
768,10.0.0.134,10.0.0.134,738,0,60,6,False,False,False,40,512,,,,,1722052541.880303783
769,10.0.0.134,10.0.0.134,739,0,60,6,False,False,False,40,512,,,,,1722052542.880621402
770,10.0.0.134,10.0.0.134,740,0,60,6,False,False,False,40,512,,,,,1722052543.881502299
771,10.0.0.134,10.0.0.134,741,0,60,6,False,False,False,40,512,,,,,1722052544.882402535
772,10.0.0.134,10.0.0.134,742,0,60,6,False,False,False,40,512,,,,,1722052545.883785291
773,10.0.0.134,10.0.0.134,743,0,60,6,False,False,False,40,512,,,,,1722052546.884415387
774,10.0.0.134,10.0.0.134,744,0,60,6,False,False,False,40,512,,,,,1722052547.885468969
775,10.0.0.134,10.0.0.134,745,0,60,6,False,False,False,40,512,,,,,1722052548.886485868
776,10.0.0.134,10.0.0.134,746,0,60,6,False,False,False,40,512,,,,,1722052549.886600013
777,10.0.0.134,10.0.0.134,747,0,60,6,False,False,False,40,512,,,,,1722052550.887869956
778,10.0.0.134,10.0.0.134,748,0,60,6,False,False,False,40,512,,,,,1722052551.888556432
779,10.0.0.134,10.0.0.134,749,0,60,6,False,False,False,40,512,,,,,1722052552.889224345
780,10.0.0.134,10.0.0.134,750,0,60,6,False,False,False,40,512,,,,,1722052553.889767139
781,10.0.0.134,10.0.0.134,751,0,60,6,False,False,False,40,512,,,,,1722052554.890149255
782,10.0.0.134,10.0.0.134,752,0,60,6,False,False,False,40,512,,,,,1722052555.891131732
783,10.0.0.134,10.0.0.134,753,0,60,6,False,False,False,40,512,,,,,1722052556.892745885
784,10.0.0.134,10.0.0.134,754,0,60,6,False,False,False,40,512,,,,,1722052557.893578584
785,10.0.0.134,10.0.0.134,755,0,60,6,False,False,False,40,512,,,,,1722052558.894361890
786,10.0.0.134,10.0.0.134,756,0,60,6,False,False,False,40,512,,,,,1722052559.894581787
787,10.0.0.134,10.0.0.134,757,0,60,6,False,False,False,40,512,,,,,1722052560.896642082
788,10.0.0.134,10.0.0.134,758,0,60,6,False,False,False,40,512,,,,,1722052561.897943352
789,10.0.0.134,10.0.0.134,759,0,60,6,False,False,False,40,512,,,,,1722052562.898571762
790,10.0.0.134,10.0.0.134,760,0,60,6,False,False,False,40,512,,,,,1722052563.899752212
791,10.0.0.134,10.0.0.134,761,0,60,6,False,False,False,40,512,,,,,1722052564.900325546
792,10.0.0.134,10.0.0.134,762,0,60,6,False,False,False,40,512,,,,,1722052565.901366439
793,10.0.0.134,10.0.0.134,763,0,60,6,False,False,False,40,512,,,,,1722052566.901831630
794,10.0.0.134,10.0.0.134,764,0,60,6,False,False,False,40,512,,,,,1722052567.902732752
795,10.0.0.134,10.0.0.134,765,0,60,6,False,False,False,40,512,,,,,1722052568.903386929
796,10.0.0.134,10.0.0.134,766,0,60,6,False,False,False,40,512,,,,,1722052569.905028276
797,10.0.0.134,10.0.0.134,767,0,60,6,False,False,False,40,512,,,,,1722052570.905938075
798,10.0.0.134,10.0.0.134,768,0,60,6,False,False,False,40,512,,,,,1722052571.906695310
799,10.0.0.134,10.0.0.134,769,0,60,6,False,False,False,40,512,,,,,1722052572.907628368
800,10.0.0.134,10.0.0.134,770,0,60,6,False,False,False,40,512,,,,,1722052573.908374312
801,10.0.0.134,10.0.0.134,771,0,60,6,False,False,False,40,512,,,,,1722052574.909355132
802,10.0.0.134,10.0.0.134,772,0,60,6,False,False,False,40,512,,,,,1722052575.910617839
803,10.0.0.134,10.0.0.134,773,0,60,6,False,False,False,40,512,,,,,1722052576.911378619
804,10.0.0.134,10.0.0.134,774,0,60,6,False,False,False,40,512,,,,,1722052577.912157168
805,10.0.0.134,10.0.0.134,775,0,60,6,False,False,False,40,512,,,,,1722052578.913605942
806,10.0.0.134,10.0.0.134,776,0,60,6,False,False,False,40,512,,,,,1722052579.914072539
807,10.0.0.134,10.0.0.2,,,89,17,,,,75,,,,,,1722052580.146215866
808,10.0.0.2,10.0.0.134,,,281,17,,,,267,,,,,,1722052580.190086630
809,10.0.0.134,185.125.190.17,57930,80,74,6,True,False,False,60,64240,,,,,1722052580.191448775
810,185.125.190.17,10.0.0.134,80,57930,60,6,True,True,False,44,64240,0.048386003,,,,1722052580.239834778
811,10.0.0.134,185.125.190.17,57930,80,54,6,False,True,False,40,64240,0.000088484,0.048474487,,,1722052580.239923262
812,10.0.0.134,185.125.190.17,57930,80,141,6,False,True,False,127,64240,,0.048474487,87,87,1722052580.240368011
813,185.125.190.17,10.0.0.134,80,57930,60,6,False,True,False,40,64240,0.001134866,0.048474487,,,1722052580.241502877
814,185.125.190.17,10.0.0.134,80,57930,243,6,False,True,True,229,64240,,0.048474487,189,189,1722052580.328495701
815,10.0.0.134,185.125.190.17,57930,80,54,6,False,True,True,40,64050,0.000193145,0.048474487,,,1722052580.328688846
816,185.125.190.17,10.0.0.134,80,57930,60,6,False,True,False,40,64239,0.000743788,0.048474487,,,1722052580.329432634
817,10.0.0.134,10.0.0.134,777,0,60,6,False,False,False,40,512,,,,,1722052580.915133252
818,10.0.0.134,10.0.0.134,778,0,60,6,False,False,False,40,512,,,,,1722052581.915377259
819,10.0.0.134,10.0.0.134,779,0,60,6,False,False,False,40,512,,,,,1722052582.916358598
820,10.0.0.134,10.0.0.134,780,0,60,6,False,False,False,40,512,,,,,1722052583.917278086
821,10.0.0.134,10.0.0.134,781,0,60,6,False,False,False,40,512,,,,,1722052584.918091842
822,10.0.0.134,10.0.0.134,782,0,60,6,False,False,False,40,512,,,,,1722052585.919080791
823,10.0.0.134,10.0.0.134,783,0,60,6,False,False,False,40,512,,,,,1722052586.919942873
824,10.0.0.134,10.0.0.134,784,0,60,6,False,False,False,40,512,,,,,1722052587.920526603
825,10.0.0.134,10.0.0.134,785,0,60,6,False,False,False,40,512,,,,,1722052588.921466580
826,10.0.0.134,10.0.0.134,786,0,60,6,False,False,False,40,512,,,,,1722052589.923376933
827,10.0.0.134,10.0.0.134,787,0,60,6,False,False,False,40,512,,,,,1722052590.942593020
828,10.0.0.134,10.0.0.134,788,0,60,6,False,False,False,40,512,,,,,1722052591.943054294
829,10.0.0.134,10.0.0.134,789,0,60,6,False,False,False,40,512,,,,,1722052592.943314810
830,10.0.0.134,10.0.0.134,790,0,60,6,False,False,False,40,512,,,,,1722052593.944014091
831,10.0.0.134,10.0.0.134,791,0,60,6,False,False,False,40,512,,,,,1722052594.953635892
832,10.0.0.134,10.0.0.134,792,0,60,6,False,False,False,40,512,,,,,1722052595.954342932
833,10.0.0.134,10.0.0.134,793,0,60,6,False,False,False,40,512,,,,,1722052596.955426448
834,10.0.0.134,10.0.0.134,794,0,60,6,False,False,False,40,512,,,,,1722052597.956267363
835,10.0.0.134,10.0.0.134,795,0,60,6,False,False,False,40,512,,,,,1722052598.957072763
836,10.0.0.134,10.0.0.134,796,0,60,6,False,False,False,40,512,,,,,1722052599.957872195
837,10.0.0.134,10.0.0.134,797,0,60,6,False,False,False,40,512,,,,,1722052600.958387757
838,10.0.0.134,10.0.0.134,798,0,60,6,False,False,False,40,512,,,,,1722052601.963661765
839,10.0.0.134,10.0.0.134,799,0,60,6,False,False,False,40,512,,,,,1722052602.964313911
840,10.0.0.134,10.0.0.134,800,0,60,6,False,False,False,40,512,,,,,1722052603.984903772
841,10.0.0.134,10.0.0.134,801,0,60,6,False,False,False,40,512,,,,,1722052604.986218841
842,10.0.0.134,10.0.0.134,802,0,60,6,False,False,False,40,512,,,,,1722052605.987141174
843,10.0.0.134,10.0.0.134,803,0,60,6,False,False,False,40,512,,,,,1722052606.989315788
844,10.0.0.134,10.0.0.134,804,0,60,6,False,False,False,40,512,,,,,1722052607.989826699
845,10.0.0.134,10.0.0.134,805,0,60,6,False,False,False,40,512,,,,,1722052608.990330129
846,10.0.0.134,10.0.0.134,806,0,60,6,False,False,False,40,512,,,,,1722052609.991139641
847,10.0.0.134,10.0.0.134,807,0,60,6,False,False,False,40,512,,,,,1722052610.991402870
848,10.0.0.134,10.0.0.134,808,0,60,6,False,False,False,40,512,,,,,1722052611.992290487
849,10.0.0.134,10.0.0.134,809,0,60,6,False,False,False,40,512,,,,,1722052612.997875803
850,10.0.0.134,10.0.0.134,810,0,60,6,False,False,False,40,512,,,,,1722052613.998426806
851,10.0.0.134,10.0.0.134,811,0,60,6,False,False,False,40,512,,,,,1722052615.000128256
852,10.0.0.134,10.0.0.134,812,0,60,6,False,False,False,40,512,,,,,1722052616.000433164
853,10.0.0.134,10.0.0.134,813,0,60,6,False,False,False,40,512,,,,,1722052617.001092825
854,10.0.0.134,10.0.0.134,814,0,60,6,False,False,False,40,512,,,,,1722052618.002251665
855,10.0.0.134,10.0.0.134,815,0,60,6,False,False,False,40,512,,,,,1722052619.002784481
856,10.0.0.134,10.0.0.134,816,0,60,6,False,False,False,40,512,,,,,1722052620.003348594
857,10.0.0.134,10.0.0.134,817,0,60,6,False,False,False,40,512,,,,,1722052621.004312257
858,10.0.0.134,10.0.0.134,818,0,60,6,False,False,False,40,512,,,,,1722052622.005035792
859,10.0.0.134,10.0.0.134,819,0,60,6,False,False,False,40,512,,,,,1722052623.006126920
860,10.0.0.134,10.0.0.134,820,0,60,6,False,False,False,40,512,,,,,1722052624.006822115
861,10.0.0.134,10.0.0.134,821,0,60,6,False,False,False,40,512,,,,,1722052625.007226270
862,10.0.0.134,10.0.0.134,822,0,60,6,False,False,False,40,512,,,,,1722052626.008211876
863,10.0.0.134,10.0.0.134,823,0,60,6,False,False,False,40,512,,,,,1722052627.008590036
864,10.0.0.134,10.0.0.134,824,0,60,6,False,False,False,40,512,,,,,1722052628.009148049
865,10.0.0.134,10.0.0.134,825,0,60,6,False,False,False,40,512,,,,,1722052629.009747744
866,10.0.0.134,10.0.0.134,826,0,60,6,False,False,False,40,512,,,,,1722052630.010110322
867,10.0.0.134,10.0.0.134,827,0,60,6,False,False,False,40,512,,,,,1722052631.010431852
868,10.0.0.134,10.0.0.134,828,0,60,6,False,False,False,40,512,,,,,1722052632.011734745
869,10.0.0.134,10.0.0.134,829,0,60,6,False,False,False,40,512,,,,,1722052633.012313959
870,10.0.0.134,10.0.0.134,830,0,60,6,False,False,False,40,512,,,,,1722052634.023745270
871,10.0.0.134,10.0.0.134,831,0,60,6,False,False,False,40,512,,,,,1722052635.024236449
872,10.0.0.134,10.0.0.134,832,0,60,6,False,False,False,40,512,,,,,1722052636.025099309
873,10.0.0.134,10.0.0.134,833,0,60,6,False,False,False,40,512,,,,,1722052637.025290452
874,10.0.0.134,10.0.0.134,834,0,60,6,False,False,False,40,512,,,,,1722052638.026462310
875,10.0.0.134,10.0.0.134,835,0,60,6,False,False,False,40,512,,,,,1722052639.026870395
876,10.0.0.134,10.0.0.134,836,0,60,6,False,False,False,40,512,,,,,1722052640.043971241
877,10.0.0.134,10.0.0.134,837,0,60,6,False,False,False,40,512,,,,,1722052641.044824217
878,10.0.0.134,10.0.0.134,838,0,60,6,False,False,False,40,512,,,,,1722052642.045164630
879,10.0.0.134,10.0.0.134,839,0,60,6,False,False,False,40,512,,,,,1722052643.045652014
880,10.0.0.134,10.0.0.134,840,0,60,6,False,False,False,40,512,,,,,1722052644.046126942
881,10.0.0.134,10.0.0.134,841,0,60,6,False,False,False,40,512,,,,,1722052645.046750157
882,10.0.0.134,10.0.0.134,842,0,60,6,False,False,False,40,512,,,,,1722052646.047492006
883,10.0.0.134,10.0.0.134,843,0,60,6,False,False,False,40,512,,,,,1722052647.048107352
884,10.0.0.134,10.0.0.134,844,0,60,6,False,False,False,40,512,,,,,1722052648.048510433
885,10.0.0.134,10.0.0.134,845,0,60,6,False,False,False,40,512,,,,,1722052649.048683016
